feature_name,feature_family,family,feature_source,operator_name,operator_type,is_true_curve_feature,is_proxy_feature,uses_raw_cycles_interpolated,uses_summary,uses_protocol,cycle_indices,step_type,x_axis,y_signal,aggregation,transform,description,program_id,cycle_index_convention
discharge_capacity_cycle_0,capacity_summary,capacity_summary,summary,cycle_scalar,cycle_scalar,False,False,False,True,False,0,,,discharge_capacity,last,,,broad_physics,raw_zero_based
discharge_capacity_mean_cycle_0,capacity_summary,capacity_summary,summary,cycle_scalar,cycle_scalar,False,False,False,True,False,0,,,discharge_capacity,mean,,,broad_physics,raw_zero_based
discharge_capacity_cycle_1,capacity_summary,capacity_summary,summary,cycle_scalar,cycle_scalar,False,False,False,True,False,1,,,discharge_capacity,last,,,broad_physics,raw_zero_based
discharge_capacity_mean_cycle_1,capacity_summary,capacity_summary,summary,cycle_scalar,cycle_scalar,False,False,False,True,False,1,,,discharge_capacity,mean,,,broad_physics,raw_zero_based
discharge_capacity_cycle_2,capacity_summary,capacity_summary,summary,cycle_scalar,cycle_scalar,False,False,False,True,False,2,,,discharge_capacity,last,,,broad_physics,raw_zero_based
discharge_capacity_mean_cycle_2,capacity_summary,capacity_summary,summary,cycle_scalar,cycle_scalar,False,False,False,True,False,2,,,discharge_capacity,mean,,,broad_physics,raw_zero_based
discharge_capacity_cycle_4,capacity_summary,capacity_summary,summary,cycle_scalar,cycle_scalar,False,False,False,True,False,4,,,discharge_capacity,last,,,broad_physics,raw_zero_based
discharge_capacity_mean_cycle_4,capacity_summary,capacity_summary,summary,cycle_scalar,cycle_scalar,False,False,False,True,False,4,,,discharge_capacity,mean,,,broad_physics,raw_zero_based
discharge_capacity_cycle_9,capacity_summary,capacity_summary,summary,cycle_scalar,cycle_scalar,False,False,False,True,False,9,,,discharge_capacity,last,,,broad_physics,raw_zero_based
discharge_capacity_mean_cycle_9,capacity_summary,capacity_summary,summary,cycle_scalar,cycle_scalar,False,False,False,True,False,9,,,discharge_capacity,mean,,,broad_physics,raw_zero_based
discharge_capacity_cycle_10,capacity_summary,capacity_summary,summary,cycle_scalar,cycle_scalar,False,False,False,True,False,10,,,discharge_capacity,last,,,broad_physics,raw_zero_based
discharge_capacity_mean_cycle_10,capacity_summary,capacity_summary,summary,cycle_scalar,cycle_scalar,False,False,False,True,False,10,,,discharge_capacity,mean,,,broad_physics,raw_zero_based
discharge_capacity_cycle_49,capacity_summary,capacity_summary,summary,cycle_scalar,cycle_scalar,False,False,False,True,False,49,,,discharge_capacity,last,,,broad_physics,raw_zero_based
discharge_capacity_mean_cycle_49,capacity_summary,capacity_summary,summary,cycle_scalar,cycle_scalar,False,False,False,True,False,49,,,discharge_capacity,mean,,,broad_physics,raw_zero_based
discharge_capacity_cycle_99,capacity_summary,capacity_summary,summary,cycle_scalar,cycle_scalar,False,False,False,True,False,99,,,discharge_capacity,last,,,broad_physics,raw_zero_based
discharge_capacity_mean_cycle_99,capacity_summary,capacity_summary,summary,cycle_scalar,cycle_scalar,False,False,False,True,False,99,,,discharge_capacity,mean,,,broad_physics,raw_zero_based
charge_capacity_cycle_0,capacity_summary,capacity_summary,summary,cycle_scalar,cycle_scalar,False,False,False,True,False,0,,,charge_capacity,last,,,broad_physics,raw_zero_based
charge_capacity_mean_cycle_0,capacity_summary,capacity_summary,summary,cycle_scalar,cycle_scalar,False,False,False,True,False,0,,,charge_capacity,mean,,,broad_physics,raw_zero_based
charge_capacity_cycle_1,capacity_summary,capacity_summary,summary,cycle_scalar,cycle_scalar,False,False,False,True,False,1,,,charge_capacity,last,,,broad_physics,raw_zero_based
charge_capacity_mean_cycle_1,capacity_summary,capacity_summary,summary,cycle_scalar,cycle_scalar,False,False,False,True,False,1,,,charge_capacity,mean,,,broad_physics,raw_zero_based
charge_capacity_cycle_2,capacity_summary,capacity_summary,summary,cycle_scalar,cycle_scalar,False,False,False,True,False,2,,,charge_capacity,last,,,broad_physics,raw_zero_based
charge_capacity_mean_cycle_2,capacity_summary,capacity_summary,summary,cycle_scalar,cycle_scalar,False,False,False,True,False,2,,,charge_capacity,mean,,,broad_physics,raw_zero_based
charge_capacity_cycle_4,capacity_summary,capacity_summary,summary,cycle_scalar,cycle_scalar,False,False,False,True,False,4,,,charge_capacity,last,,,broad_physics,raw_zero_based
charge_capacity_mean_cycle_4,capacity_summary,capacity_summary,summary,cycle_scalar,cycle_scalar,False,False,False,True,False,4,,,charge_capacity,mean,,,broad_physics,raw_zero_based
charge_capacity_cycle_9,capacity_summary,capacity_summary,summary,cycle_scalar,cycle_scalar,False,False,False,True,False,9,,,charge_capacity,last,,,broad_physics,raw_zero_based
charge_capacity_mean_cycle_9,capacity_summary,capacity_summary,summary,cycle_scalar,cycle_scalar,False,False,False,True,False,9,,,charge_capacity,mean,,,broad_physics,raw_zero_based
charge_capacity_cycle_10,capacity_summary,capacity_summary,summary,cycle_scalar,cycle_scalar,False,False,False,True,False,10,,,charge_capacity,last,,,broad_physics,raw_zero_based
charge_capacity_mean_cycle_10,capacity_summary,capacity_summary,summary,cycle_scalar,cycle_scalar,False,False,False,True,False,10,,,charge_capacity,mean,,,broad_physics,raw_zero_based
charge_capacity_cycle_49,capacity_summary,capacity_summary,summary,cycle_scalar,cycle_scalar,False,False,False,True,False,49,,,charge_capacity,last,,,broad_physics,raw_zero_based
charge_capacity_mean_cycle_49,capacity_summary,capacity_summary,summary,cycle_scalar,cycle_scalar,False,False,False,True,False,49,,,charge_capacity,mean,,,broad_physics,raw_zero_based
charge_capacity_cycle_99,capacity_summary,capacity_summary,summary,cycle_scalar,cycle_scalar,False,False,False,True,False,99,,,charge_capacity,last,,,broad_physics,raw_zero_based
charge_capacity_mean_cycle_99,capacity_summary,capacity_summary,summary,cycle_scalar,cycle_scalar,False,False,False,True,False,99,,,charge_capacity,mean,,,broad_physics,raw_zero_based
discharge_energy_cycle_0,energy_summary,energy_summary,summary,cycle_scalar,cycle_scalar,False,False,False,True,False,0,,,discharge_energy,last,,,broad_physics,raw_zero_based
discharge_energy_mean_cycle_0,energy_summary,energy_summary,summary,cycle_scalar,cycle_scalar,False,False,False,True,False,0,,,discharge_energy,mean,,,broad_physics,raw_zero_based
discharge_energy_cycle_1,energy_summary,energy_summary,summary,cycle_scalar,cycle_scalar,False,False,False,True,False,1,,,discharge_energy,last,,,broad_physics,raw_zero_based
discharge_energy_mean_cycle_1,energy_summary,energy_summary,summary,cycle_scalar,cycle_scalar,False,False,False,True,False,1,,,discharge_energy,mean,,,broad_physics,raw_zero_based
discharge_energy_cycle_2,energy_summary,energy_summary,summary,cycle_scalar,cycle_scalar,False,False,False,True,False,2,,,discharge_energy,last,,,broad_physics,raw_zero_based
discharge_energy_mean_cycle_2,energy_summary,energy_summary,summary,cycle_scalar,cycle_scalar,False,False,False,True,False,2,,,discharge_energy,mean,,,broad_physics,raw_zero_based
discharge_energy_cycle_4,energy_summary,energy_summary,summary,cycle_scalar,cycle_scalar,False,False,False,True,False,4,,,discharge_energy,last,,,broad_physics,raw_zero_based
discharge_energy_mean_cycle_4,energy_summary,energy_summary,summary,cycle_scalar,cycle_scalar,False,False,False,True,False,4,,,discharge_energy,mean,,,broad_physics,raw_zero_based
discharge_energy_cycle_9,energy_summary,energy_summary,summary,cycle_scalar,cycle_scalar,False,False,False,True,False,9,,,discharge_energy,last,,,broad_physics,raw_zero_based
discharge_energy_mean_cycle_9,energy_summary,energy_summary,summary,cycle_scalar,cycle_scalar,False,False,False,True,False,9,,,discharge_energy,mean,,,broad_physics,raw_zero_based
discharge_energy_cycle_10,energy_summary,energy_summary,summary,cycle_scalar,cycle_scalar,False,False,False,True,False,10,,,discharge_energy,last,,,broad_physics,raw_zero_based
discharge_energy_mean_cycle_10,energy_summary,energy_summary,summary,cycle_scalar,cycle_scalar,False,False,False,True,False,10,,,discharge_energy,mean,,,broad_physics,raw_zero_based
discharge_energy_cycle_49,energy_summary,energy_summary,summary,cycle_scalar,cycle_scalar,False,False,False,True,False,49,,,discharge_energy,last,,,broad_physics,raw_zero_based
discharge_energy_mean_cycle_49,energy_summary,energy_summary,summary,cycle_scalar,cycle_scalar,False,False,False,True,False,49,,,discharge_energy,mean,,,broad_physics,raw_zero_based
discharge_energy_cycle_99,energy_summary,energy_summary,summary,cycle_scalar,cycle_scalar,False,False,False,True,False,99,,,discharge_energy,last,,,broad_physics,raw_zero_based
discharge_energy_mean_cycle_99,energy_summary,energy_summary,summary,cycle_scalar,cycle_scalar,False,False,False,True,False,99,,,discharge_energy,mean,,,broad_physics,raw_zero_based
charge_energy_cycle_0,energy_summary,energy_summary,summary,cycle_scalar,cycle_scalar,False,False,False,True,False,0,,,charge_energy,last,,,broad_physics,raw_zero_based
charge_energy_mean_cycle_0,energy_summary,energy_summary,summary,cycle_scalar,cycle_scalar,False,False,False,True,False,0,,,charge_energy,mean,,,broad_physics,raw_zero_based
charge_energy_cycle_1,energy_summary,energy_summary,summary,cycle_scalar,cycle_scalar,False,False,False,True,False,1,,,charge_energy,last,,,broad_physics,raw_zero_based
charge_energy_mean_cycle_1,energy_summary,energy_summary,summary,cycle_scalar,cycle_scalar,False,False,False,True,False,1,,,charge_energy,mean,,,broad_physics,raw_zero_based
charge_energy_cycle_2,energy_summary,energy_summary,summary,cycle_scalar,cycle_scalar,False,False,False,True,False,2,,,charge_energy,last,,,broad_physics,raw_zero_based
charge_energy_mean_cycle_2,energy_summary,energy_summary,summary,cycle_scalar,cycle_scalar,False,False,False,True,False,2,,,charge_energy,mean,,,broad_physics,raw_zero_based
charge_energy_cycle_4,energy_summary,energy_summary,summary,cycle_scalar,cycle_scalar,False,False,False,True,False,4,,,charge_energy,last,,,broad_physics,raw_zero_based
charge_energy_mean_cycle_4,energy_summary,energy_summary,summary,cycle_scalar,cycle_scalar,False,False,False,True,False,4,,,charge_energy,mean,,,broad_physics,raw_zero_based
charge_energy_cycle_9,energy_summary,energy_summary,summary,cycle_scalar,cycle_scalar,False,False,False,True,False,9,,,charge_energy,last,,,broad_physics,raw_zero_based
charge_energy_mean_cycle_9,energy_summary,energy_summary,summary,cycle_scalar,cycle_scalar,False,False,False,True,False,9,,,charge_energy,mean,,,broad_physics,raw_zero_based
charge_energy_cycle_10,energy_summary,energy_summary,summary,cycle_scalar,cycle_scalar,False,False,False,True,False,10,,,charge_energy,last,,,broad_physics,raw_zero_based
charge_energy_mean_cycle_10,energy_summary,energy_summary,summary,cycle_scalar,cycle_scalar,False,False,False,True,False,10,,,charge_energy,mean,,,broad_physics,raw_zero_based
charge_energy_cycle_49,energy_summary,energy_summary,summary,cycle_scalar,cycle_scalar,False,False,False,True,False,49,,,charge_energy,last,,,broad_physics,raw_zero_based
charge_energy_mean_cycle_49,energy_summary,energy_summary,summary,cycle_scalar,cycle_scalar,False,False,False,True,False,49,,,charge_energy,mean,,,broad_physics,raw_zero_based
charge_energy_cycle_99,energy_summary,energy_summary,summary,cycle_scalar,cycle_scalar,False,False,False,True,False,99,,,charge_energy,last,,,broad_physics,raw_zero_based
charge_energy_mean_cycle_99,energy_summary,energy_summary,summary,cycle_scalar,cycle_scalar,False,False,False,True,False,99,,,charge_energy,mean,,,broad_physics,raw_zero_based
discharge_capacity_mean_cycle_0_to_4,capacity_summary,capacity_summary,summary_or_raw_cycle_mean,cycle_window_stats,cycle_window_stats,False,False,False,True,False,"0,4",,,discharge_capacity,mean,,,broad_physics,raw_zero_based
discharge_capacity_std_cycle_0_to_4,capacity_summary,capacity_summary,summary_or_raw_cycle_mean,cycle_window_stats,cycle_window_stats,False,False,False,True,False,"0,4",,,discharge_capacity,std,,,broad_physics,raw_zero_based
discharge_capacity_min_cycle_0_to_4,capacity_summary,capacity_summary,summary_or_raw_cycle_mean,cycle_window_stats,cycle_window_stats,False,False,False,True,False,"0,4",,,discharge_capacity,min,,,broad_physics,raw_zero_based
discharge_capacity_max_cycle_0_to_4,capacity_summary,capacity_summary,summary_or_raw_cycle_mean,cycle_window_stats,cycle_window_stats,False,False,False,True,False,"0,4",,,discharge_capacity,max,,,broad_physics,raw_zero_based
discharge_capacity_delta_cycle_0_to_4,capacity_summary,capacity_summary,summary_or_raw_cycle_mean,cycle_window_stats,cycle_window_stats,False,False,False,True,False,"0,4",,,discharge_capacity,delta,,,broad_physics,raw_zero_based
discharge_capacity_slope_cycle_0_to_4,capacity_summary,capacity_summary,summary_or_raw_cycle_mean,cycle_window_stats,cycle_window_stats,False,False,False,True,False,"0,4",,,discharge_capacity,slope,,,broad_physics,raw_zero_based
discharge_capacity_intercept_cycle_0_to_4,capacity_summary,capacity_summary,summary_or_raw_cycle_mean,cycle_window_stats,cycle_window_stats,False,False,False,True,False,"0,4",,,discharge_capacity,intercept,,,broad_physics,raw_zero_based
discharge_capacity_r2_cycle_0_to_4,capacity_summary,capacity_summary,summary_or_raw_cycle_mean,cycle_window_stats,cycle_window_stats,False,False,False,True,False,"0,4",,,discharge_capacity,r2,,,broad_physics,raw_zero_based
discharge_capacity_curvature_cycle_0_to_4,capacity_summary,capacity_summary,summary_or_raw_cycle_mean,cycle_window_stats,cycle_window_stats,False,False,False,True,False,"0,4",,,discharge_capacity,curvature,,,broad_physics,raw_zero_based
discharge_capacity_mean_cycle_0_to_9,capacity_summary,capacity_summary,summary_or_raw_cycle_mean,cycle_window_stats,cycle_window_stats,False,False,False,True,False,"0,9",,,discharge_capacity,mean,,,broad_physics,raw_zero_based
discharge_capacity_std_cycle_0_to_9,capacity_summary,capacity_summary,summary_or_raw_cycle_mean,cycle_window_stats,cycle_window_stats,False,False,False,True,False,"0,9",,,discharge_capacity,std,,,broad_physics,raw_zero_based
discharge_capacity_min_cycle_0_to_9,capacity_summary,capacity_summary,summary_or_raw_cycle_mean,cycle_window_stats,cycle_window_stats,False,False,False,True,False,"0,9",,,discharge_capacity,min,,,broad_physics,raw_zero_based
discharge_capacity_max_cycle_0_to_9,capacity_summary,capacity_summary,summary_or_raw_cycle_mean,cycle_window_stats,cycle_window_stats,False,False,False,True,False,"0,9",,,discharge_capacity,max,,,broad_physics,raw_zero_based
discharge_capacity_delta_cycle_0_to_9,capacity_summary,capacity_summary,summary_or_raw_cycle_mean,cycle_window_stats,cycle_window_stats,False,False,False,True,False,"0,9",,,discharge_capacity,delta,,,broad_physics,raw_zero_based
discharge_capacity_slope_cycle_0_to_9,capacity_summary,capacity_summary,summary_or_raw_cycle_mean,cycle_window_stats,cycle_window_stats,False,False,False,True,False,"0,9",,,discharge_capacity,slope,,,broad_physics,raw_zero_based
discharge_capacity_intercept_cycle_0_to_9,capacity_summary,capacity_summary,summary_or_raw_cycle_mean,cycle_window_stats,cycle_window_stats,False,False,False,True,False,"0,9",,,discharge_capacity,intercept,,,broad_physics,raw_zero_based
discharge_capacity_r2_cycle_0_to_9,capacity_summary,capacity_summary,summary_or_raw_cycle_mean,cycle_window_stats,cycle_window_stats,False,False,False,True,False,"0,9",,,discharge_capacity,r2,,,broad_physics,raw_zero_based
discharge_capacity_curvature_cycle_0_to_9,capacity_summary,capacity_summary,summary_or_raw_cycle_mean,cycle_window_stats,cycle_window_stats,False,False,False,True,False,"0,9",,,discharge_capacity,curvature,,,broad_physics,raw_zero_based
discharge_capacity_mean_cycle_0_to_49,capacity_summary,capacity_summary,summary_or_raw_cycle_mean,cycle_window_stats,cycle_window_stats,False,False,False,True,False,"0,49",,,discharge_capacity,mean,,,broad_physics,raw_zero_based
discharge_capacity_std_cycle_0_to_49,capacity_summary,capacity_summary,summary_or_raw_cycle_mean,cycle_window_stats,cycle_window_stats,False,False,False,True,False,"0,49",,,discharge_capacity,std,,,broad_physics,raw_zero_based
discharge_capacity_min_cycle_0_to_49,capacity_summary,capacity_summary,summary_or_raw_cycle_mean,cycle_window_stats,cycle_window_stats,False,False,False,True,False,"0,49",,,discharge_capacity,min,,,broad_physics,raw_zero_based
discharge_capacity_max_cycle_0_to_49,capacity_summary,capacity_summary,summary_or_raw_cycle_mean,cycle_window_stats,cycle_window_stats,False,False,False,True,False,"0,49",,,discharge_capacity,max,,,broad_physics,raw_zero_based
discharge_capacity_delta_cycle_0_to_49,capacity_summary,capacity_summary,summary_or_raw_cycle_mean,cycle_window_stats,cycle_window_stats,False,False,False,True,False,"0,49",,,discharge_capacity,delta,,,broad_physics,raw_zero_based
discharge_capacity_slope_cycle_0_to_49,capacity_summary,capacity_summary,summary_or_raw_cycle_mean,cycle_window_stats,cycle_window_stats,False,False,False,True,False,"0,49",,,discharge_capacity,slope,,,broad_physics,raw_zero_based
discharge_capacity_intercept_cycle_0_to_49,capacity_summary,capacity_summary,summary_or_raw_cycle_mean,cycle_window_stats,cycle_window_stats,False,False,False,True,False,"0,49",,,discharge_capacity,intercept,,,broad_physics,raw_zero_based
discharge_capacity_r2_cycle_0_to_49,capacity_summary,capacity_summary,summary_or_raw_cycle_mean,cycle_window_stats,cycle_window_stats,False,False,False,True,False,"0,49",,,discharge_capacity,r2,,,broad_physics,raw_zero_based
discharge_capacity_curvature_cycle_0_to_49,capacity_summary,capacity_summary,summary_or_raw_cycle_mean,cycle_window_stats,cycle_window_stats,False,False,False,True,False,"0,49",,,discharge_capacity,curvature,,,broad_physics,raw_zero_based
discharge_capacity_mean_cycle_0_to_99,capacity_summary,capacity_summary,summary_or_raw_cycle_mean,cycle_window_stats,cycle_window_stats,False,False,False,True,False,"0,99",,,discharge_capacity,mean,,,broad_physics,raw_zero_based
discharge_capacity_std_cycle_0_to_99,capacity_summary,capacity_summary,summary_or_raw_cycle_mean,cycle_window_stats,cycle_window_stats,False,False,False,True,False,"0,99",,,discharge_capacity,std,,,broad_physics,raw_zero_based
discharge_capacity_min_cycle_0_to_99,capacity_summary,capacity_summary,summary_or_raw_cycle_mean,cycle_window_stats,cycle_window_stats,False,False,False,True,False,"0,99",,,discharge_capacity,min,,,broad_physics,raw_zero_based
discharge_capacity_max_cycle_0_to_99,capacity_summary,capacity_summary,summary_or_raw_cycle_mean,cycle_window_stats,cycle_window_stats,False,False,False,True,False,"0,99",,,discharge_capacity,max,,,broad_physics,raw_zero_based
discharge_capacity_delta_cycle_0_to_99,capacity_summary,capacity_summary,summary_or_raw_cycle_mean,cycle_window_stats,cycle_window_stats,False,False,False,True,False,"0,99",,,discharge_capacity,delta,,,broad_physics,raw_zero_based
discharge_capacity_slope_cycle_0_to_99,capacity_summary,capacity_summary,summary_or_raw_cycle_mean,cycle_window_stats,cycle_window_stats,False,False,False,True,False,"0,99",,,discharge_capacity,slope,,,broad_physics,raw_zero_based
discharge_capacity_intercept_cycle_0_to_99,capacity_summary,capacity_summary,summary_or_raw_cycle_mean,cycle_window_stats,cycle_window_stats,False,False,False,True,False,"0,99",,,discharge_capacity,intercept,,,broad_physics,raw_zero_based
discharge_capacity_r2_cycle_0_to_99,capacity_summary,capacity_summary,summary_or_raw_cycle_mean,cycle_window_stats,cycle_window_stats,False,False,False,True,False,"0,99",,,discharge_capacity,r2,,,broad_physics,raw_zero_based
discharge_capacity_curvature_cycle_0_to_99,capacity_summary,capacity_summary,summary_or_raw_cycle_mean,cycle_window_stats,cycle_window_stats,False,False,False,True,False,"0,99",,,discharge_capacity,curvature,,,broad_physics,raw_zero_based
discharge_capacity_mean_cycle_10_to_99,capacity_summary,capacity_summary,summary_or_raw_cycle_mean,cycle_window_stats,cycle_window_stats,False,False,False,True,False,"10,99",,,discharge_capacity,mean,,,broad_physics,raw_zero_based
discharge_capacity_std_cycle_10_to_99,capacity_summary,capacity_summary,summary_or_raw_cycle_mean,cycle_window_stats,cycle_window_stats,False,False,False,True,False,"10,99",,,discharge_capacity,std,,,broad_physics,raw_zero_based
discharge_capacity_min_cycle_10_to_99,capacity_summary,capacity_summary,summary_or_raw_cycle_mean,cycle_window_stats,cycle_window_stats,False,False,False,True,False,"10,99",,,discharge_capacity,min,,,broad_physics,raw_zero_based
discharge_capacity_max_cycle_10_to_99,capacity_summary,capacity_summary,summary_or_raw_cycle_mean,cycle_window_stats,cycle_window_stats,False,False,False,True,False,"10,99",,,discharge_capacity,max,,,broad_physics,raw_zero_based
discharge_capacity_delta_cycle_10_to_99,capacity_summary,capacity_summary,summary_or_raw_cycle_mean,cycle_window_stats,cycle_window_stats,False,False,False,True,False,"10,99",,,discharge_capacity,delta,,,broad_physics,raw_zero_based
discharge_capacity_slope_cycle_10_to_99,capacity_summary,capacity_summary,summary_or_raw_cycle_mean,cycle_window_stats,cycle_window_stats,False,False,False,True,False,"10,99",,,discharge_capacity,slope,,,broad_physics,raw_zero_based
discharge_capacity_intercept_cycle_10_to_99,capacity_summary,capacity_summary,summary_or_raw_cycle_mean,cycle_window_stats,cycle_window_stats,False,False,False,True,False,"10,99",,,discharge_capacity,intercept,,,broad_physics,raw_zero_based
discharge_capacity_r2_cycle_10_to_99,capacity_summary,capacity_summary,summary_or_raw_cycle_mean,cycle_window_stats,cycle_window_stats,False,False,False,True,False,"10,99",,,discharge_capacity,r2,,,broad_physics,raw_zero_based
discharge_capacity_curvature_cycle_10_to_99,capacity_summary,capacity_summary,summary_or_raw_cycle_mean,cycle_window_stats,cycle_window_stats,False,False,False,True,False,"10,99",,,discharge_capacity,curvature,,,broad_physics,raw_zero_based
charge_capacity_mean_cycle_0_to_4,capacity_summary,capacity_summary,summary_or_raw_cycle_mean,cycle_window_stats,cycle_window_stats,False,False,False,True,False,"0,4",,,charge_capacity,mean,,,broad_physics,raw_zero_based
charge_capacity_std_cycle_0_to_4,capacity_summary,capacity_summary,summary_or_raw_cycle_mean,cycle_window_stats,cycle_window_stats,False,False,False,True,False,"0,4",,,charge_capacity,std,,,broad_physics,raw_zero_based
charge_capacity_min_cycle_0_to_4,capacity_summary,capacity_summary,summary_or_raw_cycle_mean,cycle_window_stats,cycle_window_stats,False,False,False,True,False,"0,4",,,charge_capacity,min,,,broad_physics,raw_zero_based
charge_capacity_max_cycle_0_to_4,capacity_summary,capacity_summary,summary_or_raw_cycle_mean,cycle_window_stats,cycle_window_stats,False,False,False,True,False,"0,4",,,charge_capacity,max,,,broad_physics,raw_zero_based
charge_capacity_delta_cycle_0_to_4,capacity_summary,capacity_summary,summary_or_raw_cycle_mean,cycle_window_stats,cycle_window_stats,False,False,False,True,False,"0,4",,,charge_capacity,delta,,,broad_physics,raw_zero_based
charge_capacity_slope_cycle_0_to_4,capacity_summary,capacity_summary,summary_or_raw_cycle_mean,cycle_window_stats,cycle_window_stats,False,False,False,True,False,"0,4",,,charge_capacity,slope,,,broad_physics,raw_zero_based
charge_capacity_intercept_cycle_0_to_4,capacity_summary,capacity_summary,summary_or_raw_cycle_mean,cycle_window_stats,cycle_window_stats,False,False,False,True,False,"0,4",,,charge_capacity,intercept,,,broad_physics,raw_zero_based
charge_capacity_r2_cycle_0_to_4,capacity_summary,capacity_summary,summary_or_raw_cycle_mean,cycle_window_stats,cycle_window_stats,False,False,False,True,False,"0,4",,,charge_capacity,r2,,,broad_physics,raw_zero_based
charge_capacity_curvature_cycle_0_to_4,capacity_summary,capacity_summary,summary_or_raw_cycle_mean,cycle_window_stats,cycle_window_stats,False,False,False,True,False,"0,4",,,charge_capacity,curvature,,,broad_physics,raw_zero_based
charge_capacity_mean_cycle_0_to_9,capacity_summary,capacity_summary,summary_or_raw_cycle_mean,cycle_window_stats,cycle_window_stats,False,False,False,True,False,"0,9",,,charge_capacity,mean,,,broad_physics,raw_zero_based
charge_capacity_std_cycle_0_to_9,capacity_summary,capacity_summary,summary_or_raw_cycle_mean,cycle_window_stats,cycle_window_stats,False,False,False,True,False,"0,9",,,charge_capacity,std,,,broad_physics,raw_zero_based
charge_capacity_min_cycle_0_to_9,capacity_summary,capacity_summary,summary_or_raw_cycle_mean,cycle_window_stats,cycle_window_stats,False,False,False,True,False,"0,9",,,charge_capacity,min,,,broad_physics,raw_zero_based
charge_capacity_max_cycle_0_to_9,capacity_summary,capacity_summary,summary_or_raw_cycle_mean,cycle_window_stats,cycle_window_stats,False,False,False,True,False,"0,9",,,charge_capacity,max,,,broad_physics,raw_zero_based
charge_capacity_delta_cycle_0_to_9,capacity_summary,capacity_summary,summary_or_raw_cycle_mean,cycle_window_stats,cycle_window_stats,False,False,False,True,False,"0,9",,,charge_capacity,delta,,,broad_physics,raw_zero_based
charge_capacity_slope_cycle_0_to_9,capacity_summary,capacity_summary,summary_or_raw_cycle_mean,cycle_window_stats,cycle_window_stats,False,False,False,True,False,"0,9",,,charge_capacity,slope,,,broad_physics,raw_zero_based
charge_capacity_intercept_cycle_0_to_9,capacity_summary,capacity_summary,summary_or_raw_cycle_mean,cycle_window_stats,cycle_window_stats,False,False,False,True,False,"0,9",,,charge_capacity,intercept,,,broad_physics,raw_zero_based
charge_capacity_r2_cycle_0_to_9,capacity_summary,capacity_summary,summary_or_raw_cycle_mean,cycle_window_stats,cycle_window_stats,False,False,False,True,False,"0,9",,,charge_capacity,r2,,,broad_physics,raw_zero_based
charge_capacity_curvature_cycle_0_to_9,capacity_summary,capacity_summary,summary_or_raw_cycle_mean,cycle_window_stats,cycle_window_stats,False,False,False,True,False,"0,9",,,charge_capacity,curvature,,,broad_physics,raw_zero_based
charge_capacity_mean_cycle_0_to_49,capacity_summary,capacity_summary,summary_or_raw_cycle_mean,cycle_window_stats,cycle_window_stats,False,False,False,True,False,"0,49",,,charge_capacity,mean,,,broad_physics,raw_zero_based
charge_capacity_std_cycle_0_to_49,capacity_summary,capacity_summary,summary_or_raw_cycle_mean,cycle_window_stats,cycle_window_stats,False,False,False,True,False,"0,49",,,charge_capacity,std,,,broad_physics,raw_zero_based
charge_capacity_min_cycle_0_to_49,capacity_summary,capacity_summary,summary_or_raw_cycle_mean,cycle_window_stats,cycle_window_stats,False,False,False,True,False,"0,49",,,charge_capacity,min,,,broad_physics,raw_zero_based
charge_capacity_max_cycle_0_to_49,capacity_summary,capacity_summary,summary_or_raw_cycle_mean,cycle_window_stats,cycle_window_stats,False,False,False,True,False,"0,49",,,charge_capacity,max,,,broad_physics,raw_zero_based
charge_capacity_delta_cycle_0_to_49,capacity_summary,capacity_summary,summary_or_raw_cycle_mean,cycle_window_stats,cycle_window_stats,False,False,False,True,False,"0,49",,,charge_capacity,delta,,,broad_physics,raw_zero_based
charge_capacity_slope_cycle_0_to_49,capacity_summary,capacity_summary,summary_or_raw_cycle_mean,cycle_window_stats,cycle_window_stats,False,False,False,True,False,"0,49",,,charge_capacity,slope,,,broad_physics,raw_zero_based
charge_capacity_intercept_cycle_0_to_49,capacity_summary,capacity_summary,summary_or_raw_cycle_mean,cycle_window_stats,cycle_window_stats,False,False,False,True,False,"0,49",,,charge_capacity,intercept,,,broad_physics,raw_zero_based
charge_capacity_r2_cycle_0_to_49,capacity_summary,capacity_summary,summary_or_raw_cycle_mean,cycle_window_stats,cycle_window_stats,False,False,False,True,False,"0,49",,,charge_capacity,r2,,,broad_physics,raw_zero_based
charge_capacity_curvature_cycle_0_to_49,capacity_summary,capacity_summary,summary_or_raw_cycle_mean,cycle_window_stats,cycle_window_stats,False,False,False,True,False,"0,49",,,charge_capacity,curvature,,,broad_physics,raw_zero_based
charge_capacity_mean_cycle_0_to_99,capacity_summary,capacity_summary,summary_or_raw_cycle_mean,cycle_window_stats,cycle_window_stats,False,False,False,True,False,"0,99",,,charge_capacity,mean,,,broad_physics,raw_zero_based
charge_capacity_std_cycle_0_to_99,capacity_summary,capacity_summary,summary_or_raw_cycle_mean,cycle_window_stats,cycle_window_stats,False,False,False,True,False,"0,99",,,charge_capacity,std,,,broad_physics,raw_zero_based
charge_capacity_min_cycle_0_to_99,capacity_summary,capacity_summary,summary_or_raw_cycle_mean,cycle_window_stats,cycle_window_stats,False,False,False,True,False,"0,99",,,charge_capacity,min,,,broad_physics,raw_zero_based
charge_capacity_max_cycle_0_to_99,capacity_summary,capacity_summary,summary_or_raw_cycle_mean,cycle_window_stats,cycle_window_stats,False,False,False,True,False,"0,99",,,charge_capacity,max,,,broad_physics,raw_zero_based
charge_capacity_delta_cycle_0_to_99,capacity_summary,capacity_summary,summary_or_raw_cycle_mean,cycle_window_stats,cycle_window_stats,False,False,False,True,False,"0,99",,,charge_capacity,delta,,,broad_physics,raw_zero_based
charge_capacity_slope_cycle_0_to_99,capacity_summary,capacity_summary,summary_or_raw_cycle_mean,cycle_window_stats,cycle_window_stats,False,False,False,True,False,"0,99",,,charge_capacity,slope,,,broad_physics,raw_zero_based
charge_capacity_intercept_cycle_0_to_99,capacity_summary,capacity_summary,summary_or_raw_cycle_mean,cycle_window_stats,cycle_window_stats,False,False,False,True,False,"0,99",,,charge_capacity,intercept,,,broad_physics,raw_zero_based
charge_capacity_r2_cycle_0_to_99,capacity_summary,capacity_summary,summary_or_raw_cycle_mean,cycle_window_stats,cycle_window_stats,False,False,False,True,False,"0,99",,,charge_capacity,r2,,,broad_physics,raw_zero_based
charge_capacity_curvature_cycle_0_to_99,capacity_summary,capacity_summary,summary_or_raw_cycle_mean,cycle_window_stats,cycle_window_stats,False,False,False,True,False,"0,99",,,charge_capacity,curvature,,,broad_physics,raw_zero_based
charge_capacity_mean_cycle_10_to_99,capacity_summary,capacity_summary,summary_or_raw_cycle_mean,cycle_window_stats,cycle_window_stats,False,False,False,True,False,"10,99",,,charge_capacity,mean,,,broad_physics,raw_zero_based
charge_capacity_std_cycle_10_to_99,capacity_summary,capacity_summary,summary_or_raw_cycle_mean,cycle_window_stats,cycle_window_stats,False,False,False,True,False,"10,99",,,charge_capacity,std,,,broad_physics,raw_zero_based
charge_capacity_min_cycle_10_to_99,capacity_summary,capacity_summary,summary_or_raw_cycle_mean,cycle_window_stats,cycle_window_stats,False,False,False,True,False,"10,99",,,charge_capacity,min,,,broad_physics,raw_zero_based
charge_capacity_max_cycle_10_to_99,capacity_summary,capacity_summary,summary_or_raw_cycle_mean,cycle_window_stats,cycle_window_stats,False,False,False,True,False,"10,99",,,charge_capacity,max,,,broad_physics,raw_zero_based
charge_capacity_delta_cycle_10_to_99,capacity_summary,capacity_summary,summary_or_raw_cycle_mean,cycle_window_stats,cycle_window_stats,False,False,False,True,False,"10,99",,,charge_capacity,delta,,,broad_physics,raw_zero_based
charge_capacity_slope_cycle_10_to_99,capacity_summary,capacity_summary,summary_or_raw_cycle_mean,cycle_window_stats,cycle_window_stats,False,False,False,True,False,"10,99",,,charge_capacity,slope,,,broad_physics,raw_zero_based
charge_capacity_intercept_cycle_10_to_99,capacity_summary,capacity_summary,summary_or_raw_cycle_mean,cycle_window_stats,cycle_window_stats,False,False,False,True,False,"10,99",,,charge_capacity,intercept,,,broad_physics,raw_zero_based
charge_capacity_r2_cycle_10_to_99,capacity_summary,capacity_summary,summary_or_raw_cycle_mean,cycle_window_stats,cycle_window_stats,False,False,False,True,False,"10,99",,,charge_capacity,r2,,,broad_physics,raw_zero_based
charge_capacity_curvature_cycle_10_to_99,capacity_summary,capacity_summary,summary_or_raw_cycle_mean,cycle_window_stats,cycle_window_stats,False,False,False,True,False,"10,99",,,charge_capacity,curvature,,,broad_physics,raw_zero_based
discharge_energy_mean_cycle_0_to_4,energy_summary,energy_summary,summary_or_raw_cycle_mean,cycle_window_stats,cycle_window_stats,False,False,False,True,False,"0,4",,,discharge_energy,mean,,,broad_physics,raw_zero_based
discharge_energy_std_cycle_0_to_4,energy_summary,energy_summary,summary_or_raw_cycle_mean,cycle_window_stats,cycle_window_stats,False,False,False,True,False,"0,4",,,discharge_energy,std,,,broad_physics,raw_zero_based
discharge_energy_min_cycle_0_to_4,energy_summary,energy_summary,summary_or_raw_cycle_mean,cycle_window_stats,cycle_window_stats,False,False,False,True,False,"0,4",,,discharge_energy,min,,,broad_physics,raw_zero_based
discharge_energy_max_cycle_0_to_4,energy_summary,energy_summary,summary_or_raw_cycle_mean,cycle_window_stats,cycle_window_stats,False,False,False,True,False,"0,4",,,discharge_energy,max,,,broad_physics,raw_zero_based
discharge_energy_delta_cycle_0_to_4,energy_summary,energy_summary,summary_or_raw_cycle_mean,cycle_window_stats,cycle_window_stats,False,False,False,True,False,"0,4",,,discharge_energy,delta,,,broad_physics,raw_zero_based
discharge_energy_slope_cycle_0_to_4,energy_summary,energy_summary,summary_or_raw_cycle_mean,cycle_window_stats,cycle_window_stats,False,False,False,True,False,"0,4",,,discharge_energy,slope,,,broad_physics,raw_zero_based
discharge_energy_intercept_cycle_0_to_4,energy_summary,energy_summary,summary_or_raw_cycle_mean,cycle_window_stats,cycle_window_stats,False,False,False,True,False,"0,4",,,discharge_energy,intercept,,,broad_physics,raw_zero_based
discharge_energy_r2_cycle_0_to_4,energy_summary,energy_summary,summary_or_raw_cycle_mean,cycle_window_stats,cycle_window_stats,False,False,False,True,False,"0,4",,,discharge_energy,r2,,,broad_physics,raw_zero_based
discharge_energy_curvature_cycle_0_to_4,energy_summary,energy_summary,summary_or_raw_cycle_mean,cycle_window_stats,cycle_window_stats,False,False,False,True,False,"0,4",,,discharge_energy,curvature,,,broad_physics,raw_zero_based
discharge_energy_mean_cycle_0_to_9,energy_summary,energy_summary,summary_or_raw_cycle_mean,cycle_window_stats,cycle_window_stats,False,False,False,True,False,"0,9",,,discharge_energy,mean,,,broad_physics,raw_zero_based
discharge_energy_std_cycle_0_to_9,energy_summary,energy_summary,summary_or_raw_cycle_mean,cycle_window_stats,cycle_window_stats,False,False,False,True,False,"0,9",,,discharge_energy,std,,,broad_physics,raw_zero_based
discharge_energy_min_cycle_0_to_9,energy_summary,energy_summary,summary_or_raw_cycle_mean,cycle_window_stats,cycle_window_stats,False,False,False,True,False,"0,9",,,discharge_energy,min,,,broad_physics,raw_zero_based
discharge_energy_max_cycle_0_to_9,energy_summary,energy_summary,summary_or_raw_cycle_mean,cycle_window_stats,cycle_window_stats,False,False,False,True,False,"0,9",,,discharge_energy,max,,,broad_physics,raw_zero_based
discharge_energy_delta_cycle_0_to_9,energy_summary,energy_summary,summary_or_raw_cycle_mean,cycle_window_stats,cycle_window_stats,False,False,False,True,False,"0,9",,,discharge_energy,delta,,,broad_physics,raw_zero_based
discharge_energy_slope_cycle_0_to_9,energy_summary,energy_summary,summary_or_raw_cycle_mean,cycle_window_stats,cycle_window_stats,False,False,False,True,False,"0,9",,,discharge_energy,slope,,,broad_physics,raw_zero_based
discharge_energy_intercept_cycle_0_to_9,energy_summary,energy_summary,summary_or_raw_cycle_mean,cycle_window_stats,cycle_window_stats,False,False,False,True,False,"0,9",,,discharge_energy,intercept,,,broad_physics,raw_zero_based
discharge_energy_r2_cycle_0_to_9,energy_summary,energy_summary,summary_or_raw_cycle_mean,cycle_window_stats,cycle_window_stats,False,False,False,True,False,"0,9",,,discharge_energy,r2,,,broad_physics,raw_zero_based
discharge_energy_curvature_cycle_0_to_9,energy_summary,energy_summary,summary_or_raw_cycle_mean,cycle_window_stats,cycle_window_stats,False,False,False,True,False,"0,9",,,discharge_energy,curvature,,,broad_physics,raw_zero_based
discharge_energy_mean_cycle_0_to_49,energy_summary,energy_summary,summary_or_raw_cycle_mean,cycle_window_stats,cycle_window_stats,False,False,False,True,False,"0,49",,,discharge_energy,mean,,,broad_physics,raw_zero_based
discharge_energy_std_cycle_0_to_49,energy_summary,energy_summary,summary_or_raw_cycle_mean,cycle_window_stats,cycle_window_stats,False,False,False,True,False,"0,49",,,discharge_energy,std,,,broad_physics,raw_zero_based
discharge_energy_min_cycle_0_to_49,energy_summary,energy_summary,summary_or_raw_cycle_mean,cycle_window_stats,cycle_window_stats,False,False,False,True,False,"0,49",,,discharge_energy,min,,,broad_physics,raw_zero_based
discharge_energy_max_cycle_0_to_49,energy_summary,energy_summary,summary_or_raw_cycle_mean,cycle_window_stats,cycle_window_stats,False,False,False,True,False,"0,49",,,discharge_energy,max,,,broad_physics,raw_zero_based
discharge_energy_delta_cycle_0_to_49,energy_summary,energy_summary,summary_or_raw_cycle_mean,cycle_window_stats,cycle_window_stats,False,False,False,True,False,"0,49",,,discharge_energy,delta,,,broad_physics,raw_zero_based
discharge_energy_slope_cycle_0_to_49,energy_summary,energy_summary,summary_or_raw_cycle_mean,cycle_window_stats,cycle_window_stats,False,False,False,True,False,"0,49",,,discharge_energy,slope,,,broad_physics,raw_zero_based
discharge_energy_intercept_cycle_0_to_49,energy_summary,energy_summary,summary_or_raw_cycle_mean,cycle_window_stats,cycle_window_stats,False,False,False,True,False,"0,49",,,discharge_energy,intercept,,,broad_physics,raw_zero_based
discharge_energy_r2_cycle_0_to_49,energy_summary,energy_summary,summary_or_raw_cycle_mean,cycle_window_stats,cycle_window_stats,False,False,False,True,False,"0,49",,,discharge_energy,r2,,,broad_physics,raw_zero_based
discharge_energy_curvature_cycle_0_to_49,energy_summary,energy_summary,summary_or_raw_cycle_mean,cycle_window_stats,cycle_window_stats,False,False,False,True,False,"0,49",,,discharge_energy,curvature,,,broad_physics,raw_zero_based
discharge_energy_mean_cycle_0_to_99,energy_summary,energy_summary,summary_or_raw_cycle_mean,cycle_window_stats,cycle_window_stats,False,False,False,True,False,"0,99",,,discharge_energy,mean,,,broad_physics,raw_zero_based
discharge_energy_std_cycle_0_to_99,energy_summary,energy_summary,summary_or_raw_cycle_mean,cycle_window_stats,cycle_window_stats,False,False,False,True,False,"0,99",,,discharge_energy,std,,,broad_physics,raw_zero_based
discharge_energy_min_cycle_0_to_99,energy_summary,energy_summary,summary_or_raw_cycle_mean,cycle_window_stats,cycle_window_stats,False,False,False,True,False,"0,99",,,discharge_energy,min,,,broad_physics,raw_zero_based
discharge_energy_max_cycle_0_to_99,energy_summary,energy_summary,summary_or_raw_cycle_mean,cycle_window_stats,cycle_window_stats,False,False,False,True,False,"0,99",,,discharge_energy,max,,,broad_physics,raw_zero_based
discharge_energy_delta_cycle_0_to_99,energy_summary,energy_summary,summary_or_raw_cycle_mean,cycle_window_stats,cycle_window_stats,False,False,False,True,False,"0,99",,,discharge_energy,delta,,,broad_physics,raw_zero_based
discharge_energy_slope_cycle_0_to_99,energy_summary,energy_summary,summary_or_raw_cycle_mean,cycle_window_stats,cycle_window_stats,False,False,False,True,False,"0,99",,,discharge_energy,slope,,,broad_physics,raw_zero_based
discharge_energy_intercept_cycle_0_to_99,energy_summary,energy_summary,summary_or_raw_cycle_mean,cycle_window_stats,cycle_window_stats,False,False,False,True,False,"0,99",,,discharge_energy,intercept,,,broad_physics,raw_zero_based
discharge_energy_r2_cycle_0_to_99,energy_summary,energy_summary,summary_or_raw_cycle_mean,cycle_window_stats,cycle_window_stats,False,False,False,True,False,"0,99",,,discharge_energy,r2,,,broad_physics,raw_zero_based
discharge_energy_curvature_cycle_0_to_99,energy_summary,energy_summary,summary_or_raw_cycle_mean,cycle_window_stats,cycle_window_stats,False,False,False,True,False,"0,99",,,discharge_energy,curvature,,,broad_physics,raw_zero_based
discharge_energy_mean_cycle_10_to_99,energy_summary,energy_summary,summary_or_raw_cycle_mean,cycle_window_stats,cycle_window_stats,False,False,False,True,False,"10,99",,,discharge_energy,mean,,,broad_physics,raw_zero_based
discharge_energy_std_cycle_10_to_99,energy_summary,energy_summary,summary_or_raw_cycle_mean,cycle_window_stats,cycle_window_stats,False,False,False,True,False,"10,99",,,discharge_energy,std,,,broad_physics,raw_zero_based
discharge_energy_min_cycle_10_to_99,energy_summary,energy_summary,summary_or_raw_cycle_mean,cycle_window_stats,cycle_window_stats,False,False,False,True,False,"10,99",,,discharge_energy,min,,,broad_physics,raw_zero_based
discharge_energy_max_cycle_10_to_99,energy_summary,energy_summary,summary_or_raw_cycle_mean,cycle_window_stats,cycle_window_stats,False,False,False,True,False,"10,99",,,discharge_energy,max,,,broad_physics,raw_zero_based
discharge_energy_delta_cycle_10_to_99,energy_summary,energy_summary,summary_or_raw_cycle_mean,cycle_window_stats,cycle_window_stats,False,False,False,True,False,"10,99",,,discharge_energy,delta,,,broad_physics,raw_zero_based
discharge_energy_slope_cycle_10_to_99,energy_summary,energy_summary,summary_or_raw_cycle_mean,cycle_window_stats,cycle_window_stats,False,False,False,True,False,"10,99",,,discharge_energy,slope,,,broad_physics,raw_zero_based
discharge_energy_intercept_cycle_10_to_99,energy_summary,energy_summary,summary_or_raw_cycle_mean,cycle_window_stats,cycle_window_stats,False,False,False,True,False,"10,99",,,discharge_energy,intercept,,,broad_physics,raw_zero_based
discharge_energy_r2_cycle_10_to_99,energy_summary,energy_summary,summary_or_raw_cycle_mean,cycle_window_stats,cycle_window_stats,False,False,False,True,False,"10,99",,,discharge_energy,r2,,,broad_physics,raw_zero_based
discharge_energy_curvature_cycle_10_to_99,energy_summary,energy_summary,summary_or_raw_cycle_mean,cycle_window_stats,cycle_window_stats,False,False,False,True,False,"10,99",,,discharge_energy,curvature,,,broad_physics,raw_zero_based
charge_energy_mean_cycle_0_to_4,energy_summary,energy_summary,summary_or_raw_cycle_mean,cycle_window_stats,cycle_window_stats,False,False,False,True,False,"0,4",,,charge_energy,mean,,,broad_physics,raw_zero_based
charge_energy_std_cycle_0_to_4,energy_summary,energy_summary,summary_or_raw_cycle_mean,cycle_window_stats,cycle_window_stats,False,False,False,True,False,"0,4",,,charge_energy,std,,,broad_physics,raw_zero_based
charge_energy_min_cycle_0_to_4,energy_summary,energy_summary,summary_or_raw_cycle_mean,cycle_window_stats,cycle_window_stats,False,False,False,True,False,"0,4",,,charge_energy,min,,,broad_physics,raw_zero_based
charge_energy_max_cycle_0_to_4,energy_summary,energy_summary,summary_or_raw_cycle_mean,cycle_window_stats,cycle_window_stats,False,False,False,True,False,"0,4",,,charge_energy,max,,,broad_physics,raw_zero_based
charge_energy_delta_cycle_0_to_4,energy_summary,energy_summary,summary_or_raw_cycle_mean,cycle_window_stats,cycle_window_stats,False,False,False,True,False,"0,4",,,charge_energy,delta,,,broad_physics,raw_zero_based
charge_energy_slope_cycle_0_to_4,energy_summary,energy_summary,summary_or_raw_cycle_mean,cycle_window_stats,cycle_window_stats,False,False,False,True,False,"0,4",,,charge_energy,slope,,,broad_physics,raw_zero_based
charge_energy_intercept_cycle_0_to_4,energy_summary,energy_summary,summary_or_raw_cycle_mean,cycle_window_stats,cycle_window_stats,False,False,False,True,False,"0,4",,,charge_energy,intercept,,,broad_physics,raw_zero_based
charge_energy_r2_cycle_0_to_4,energy_summary,energy_summary,summary_or_raw_cycle_mean,cycle_window_stats,cycle_window_stats,False,False,False,True,False,"0,4",,,charge_energy,r2,,,broad_physics,raw_zero_based
charge_energy_curvature_cycle_0_to_4,energy_summary,energy_summary,summary_or_raw_cycle_mean,cycle_window_stats,cycle_window_stats,False,False,False,True,False,"0,4",,,charge_energy,curvature,,,broad_physics,raw_zero_based
charge_energy_mean_cycle_0_to_9,energy_summary,energy_summary,summary_or_raw_cycle_mean,cycle_window_stats,cycle_window_stats,False,False,False,True,False,"0,9",,,charge_energy,mean,,,broad_physics,raw_zero_based
charge_energy_std_cycle_0_to_9,energy_summary,energy_summary,summary_or_raw_cycle_mean,cycle_window_stats,cycle_window_stats,False,False,False,True,False,"0,9",,,charge_energy,std,,,broad_physics,raw_zero_based
charge_energy_min_cycle_0_to_9,energy_summary,energy_summary,summary_or_raw_cycle_mean,cycle_window_stats,cycle_window_stats,False,False,False,True,False,"0,9",,,charge_energy,min,,,broad_physics,raw_zero_based
charge_energy_max_cycle_0_to_9,energy_summary,energy_summary,summary_or_raw_cycle_mean,cycle_window_stats,cycle_window_stats,False,False,False,True,False,"0,9",,,charge_energy,max,,,broad_physics,raw_zero_based
charge_energy_delta_cycle_0_to_9,energy_summary,energy_summary,summary_or_raw_cycle_mean,cycle_window_stats,cycle_window_stats,False,False,False,True,False,"0,9",,,charge_energy,delta,,,broad_physics,raw_zero_based
charge_energy_slope_cycle_0_to_9,energy_summary,energy_summary,summary_or_raw_cycle_mean,cycle_window_stats,cycle_window_stats,False,False,False,True,False,"0,9",,,charge_energy,slope,,,broad_physics,raw_zero_based
charge_energy_intercept_cycle_0_to_9,energy_summary,energy_summary,summary_or_raw_cycle_mean,cycle_window_stats,cycle_window_stats,False,False,False,True,False,"0,9",,,charge_energy,intercept,,,broad_physics,raw_zero_based
charge_energy_r2_cycle_0_to_9,energy_summary,energy_summary,summary_or_raw_cycle_mean,cycle_window_stats,cycle_window_stats,False,False,False,True,False,"0,9",,,charge_energy,r2,,,broad_physics,raw_zero_based
charge_energy_curvature_cycle_0_to_9,energy_summary,energy_summary,summary_or_raw_cycle_mean,cycle_window_stats,cycle_window_stats,False,False,False,True,False,"0,9",,,charge_energy,curvature,,,broad_physics,raw_zero_based
charge_energy_mean_cycle_0_to_49,energy_summary,energy_summary,summary_or_raw_cycle_mean,cycle_window_stats,cycle_window_stats,False,False,False,True,False,"0,49",,,charge_energy,mean,,,broad_physics,raw_zero_based
charge_energy_std_cycle_0_to_49,energy_summary,energy_summary,summary_or_raw_cycle_mean,cycle_window_stats,cycle_window_stats,False,False,False,True,False,"0,49",,,charge_energy,std,,,broad_physics,raw_zero_based
charge_energy_min_cycle_0_to_49,energy_summary,energy_summary,summary_or_raw_cycle_mean,cycle_window_stats,cycle_window_stats,False,False,False,True,False,"0,49",,,charge_energy,min,,,broad_physics,raw_zero_based
charge_energy_max_cycle_0_to_49,energy_summary,energy_summary,summary_or_raw_cycle_mean,cycle_window_stats,cycle_window_stats,False,False,False,True,False,"0,49",,,charge_energy,max,,,broad_physics,raw_zero_based
charge_energy_delta_cycle_0_to_49,energy_summary,energy_summary,summary_or_raw_cycle_mean,cycle_window_stats,cycle_window_stats,False,False,False,True,False,"0,49",,,charge_energy,delta,,,broad_physics,raw_zero_based
charge_energy_slope_cycle_0_to_49,energy_summary,energy_summary,summary_or_raw_cycle_mean,cycle_window_stats,cycle_window_stats,False,False,False,True,False,"0,49",,,charge_energy,slope,,,broad_physics,raw_zero_based
charge_energy_intercept_cycle_0_to_49,energy_summary,energy_summary,summary_or_raw_cycle_mean,cycle_window_stats,cycle_window_stats,False,False,False,True,False,"0,49",,,charge_energy,intercept,,,broad_physics,raw_zero_based
charge_energy_r2_cycle_0_to_49,energy_summary,energy_summary,summary_or_raw_cycle_mean,cycle_window_stats,cycle_window_stats,False,False,False,True,False,"0,49",,,charge_energy,r2,,,broad_physics,raw_zero_based
charge_energy_curvature_cycle_0_to_49,energy_summary,energy_summary,summary_or_raw_cycle_mean,cycle_window_stats,cycle_window_stats,False,False,False,True,False,"0,49",,,charge_energy,curvature,,,broad_physics,raw_zero_based
charge_energy_mean_cycle_0_to_99,energy_summary,energy_summary,summary_or_raw_cycle_mean,cycle_window_stats,cycle_window_stats,False,False,False,True,False,"0,99",,,charge_energy,mean,,,broad_physics,raw_zero_based
charge_energy_std_cycle_0_to_99,energy_summary,energy_summary,summary_or_raw_cycle_mean,cycle_window_stats,cycle_window_stats,False,False,False,True,False,"0,99",,,charge_energy,std,,,broad_physics,raw_zero_based
charge_energy_min_cycle_0_to_99,energy_summary,energy_summary,summary_or_raw_cycle_mean,cycle_window_stats,cycle_window_stats,False,False,False,True,False,"0,99",,,charge_energy,min,,,broad_physics,raw_zero_based
charge_energy_max_cycle_0_to_99,energy_summary,energy_summary,summary_or_raw_cycle_mean,cycle_window_stats,cycle_window_stats,False,False,False,True,False,"0,99",,,charge_energy,max,,,broad_physics,raw_zero_based
charge_energy_delta_cycle_0_to_99,energy_summary,energy_summary,summary_or_raw_cycle_mean,cycle_window_stats,cycle_window_stats,False,False,False,True,False,"0,99",,,charge_energy,delta,,,broad_physics,raw_zero_based
charge_energy_slope_cycle_0_to_99,energy_summary,energy_summary,summary_or_raw_cycle_mean,cycle_window_stats,cycle_window_stats,False,False,False,True,False,"0,99",,,charge_energy,slope,,,broad_physics,raw_zero_based
charge_energy_intercept_cycle_0_to_99,energy_summary,energy_summary,summary_or_raw_cycle_mean,cycle_window_stats,cycle_window_stats,False,False,False,True,False,"0,99",,,charge_energy,intercept,,,broad_physics,raw_zero_based
charge_energy_r2_cycle_0_to_99,energy_summary,energy_summary,summary_or_raw_cycle_mean,cycle_window_stats,cycle_window_stats,False,False,False,True,False,"0,99",,,charge_energy,r2,,,broad_physics,raw_zero_based
charge_energy_curvature_cycle_0_to_99,energy_summary,energy_summary,summary_or_raw_cycle_mean,cycle_window_stats,cycle_window_stats,False,False,False,True,False,"0,99",,,charge_energy,curvature,,,broad_physics,raw_zero_based
charge_energy_mean_cycle_10_to_99,energy_summary,energy_summary,summary_or_raw_cycle_mean,cycle_window_stats,cycle_window_stats,False,False,False,True,False,"10,99",,,charge_energy,mean,,,broad_physics,raw_zero_based
charge_energy_std_cycle_10_to_99,energy_summary,energy_summary,summary_or_raw_cycle_mean,cycle_window_stats,cycle_window_stats,False,False,False,True,False,"10,99",,,charge_energy,std,,,broad_physics,raw_zero_based
charge_energy_min_cycle_10_to_99,energy_summary,energy_summary,summary_or_raw_cycle_mean,cycle_window_stats,cycle_window_stats,False,False,False,True,False,"10,99",,,charge_energy,min,,,broad_physics,raw_zero_based
charge_energy_max_cycle_10_to_99,energy_summary,energy_summary,summary_or_raw_cycle_mean,cycle_window_stats,cycle_window_stats,False,False,False,True,False,"10,99",,,charge_energy,max,,,broad_physics,raw_zero_based
charge_energy_delta_cycle_10_to_99,energy_summary,energy_summary,summary_or_raw_cycle_mean,cycle_window_stats,cycle_window_stats,False,False,False,True,False,"10,99",,,charge_energy,delta,,,broad_physics,raw_zero_based
charge_energy_slope_cycle_10_to_99,energy_summary,energy_summary,summary_or_raw_cycle_mean,cycle_window_stats,cycle_window_stats,False,False,False,True,False,"10,99",,,charge_energy,slope,,,broad_physics,raw_zero_based
charge_energy_intercept_cycle_10_to_99,energy_summary,energy_summary,summary_or_raw_cycle_mean,cycle_window_stats,cycle_window_stats,False,False,False,True,False,"10,99",,,charge_energy,intercept,,,broad_physics,raw_zero_based
charge_energy_r2_cycle_10_to_99,energy_summary,energy_summary,summary_or_raw_cycle_mean,cycle_window_stats,cycle_window_stats,False,False,False,True,False,"10,99",,,charge_energy,r2,,,broad_physics,raw_zero_based
charge_energy_curvature_cycle_10_to_99,energy_summary,energy_summary,summary_or_raw_cycle_mean,cycle_window_stats,cycle_window_stats,False,False,False,True,False,"10,99",,,charge_energy,curvature,,,broad_physics,raw_zero_based
discharge_capacity_difference_cycle_9_minus_0,capacity_summary_delta,capacity_summary_delta,summary_or_raw_cycle_mean,cross_cycle_scalar_delta,cross_cycle_scalar_delta,False,False,False,True,False,"0,9",,,discharge_capacity,difference,difference,,broad_physics,raw_zero_based
discharge_capacity_ratio_cycle_9_minus_0,capacity_summary_delta,capacity_summary_delta,summary_or_raw_cycle_mean,cross_cycle_scalar_delta,cross_cycle_scalar_delta,False,False,False,True,False,"0,9",,,discharge_capacity,ratio,ratio,,broad_physics,raw_zero_based
discharge_capacity_relative_difference_cycle_9_minus_0,capacity_summary_delta,capacity_summary_delta,summary_or_raw_cycle_mean,cross_cycle_scalar_delta,cross_cycle_scalar_delta,False,False,False,True,False,"0,9",,,discharge_capacity,relative_difference,relative_difference,,broad_physics,raw_zero_based
discharge_capacity_log_abs_difference_cycle_9_minus_0,capacity_summary_delta,capacity_summary_delta,summary_or_raw_cycle_mean,cross_cycle_scalar_delta,cross_cycle_scalar_delta,False,False,False,True,False,"0,9",,,discharge_capacity,log_abs_difference,log_abs_difference,,broad_physics,raw_zero_based
discharge_capacity_difference_cycle_99_minus_1,capacity_summary_delta,capacity_summary_delta,summary_or_raw_cycle_mean,cross_cycle_scalar_delta,cross_cycle_scalar_delta,False,False,False,True,False,"1,99",,,discharge_capacity,difference,difference,,broad_physics,raw_zero_based
discharge_capacity_ratio_cycle_99_minus_1,capacity_summary_delta,capacity_summary_delta,summary_or_raw_cycle_mean,cross_cycle_scalar_delta,cross_cycle_scalar_delta,False,False,False,True,False,"1,99",,,discharge_capacity,ratio,ratio,,broad_physics,raw_zero_based
discharge_capacity_relative_difference_cycle_99_minus_1,capacity_summary_delta,capacity_summary_delta,summary_or_raw_cycle_mean,cross_cycle_scalar_delta,cross_cycle_scalar_delta,False,False,False,True,False,"1,99",,,discharge_capacity,relative_difference,relative_difference,,broad_physics,raw_zero_based
discharge_capacity_log_abs_difference_cycle_99_minus_1,capacity_summary_delta,capacity_summary_delta,summary_or_raw_cycle_mean,cross_cycle_scalar_delta,cross_cycle_scalar_delta,False,False,False,True,False,"1,99",,,discharge_capacity,log_abs_difference,log_abs_difference,,broad_physics,raw_zero_based
discharge_capacity_difference_cycle_99_minus_9,capacity_summary_delta,capacity_summary_delta,summary_or_raw_cycle_mean,cross_cycle_scalar_delta,cross_cycle_scalar_delta,False,False,False,True,False,"9,99",,,discharge_capacity,difference,difference,,broad_physics,raw_zero_based
discharge_capacity_ratio_cycle_99_minus_9,capacity_summary_delta,capacity_summary_delta,summary_or_raw_cycle_mean,cross_cycle_scalar_delta,cross_cycle_scalar_delta,False,False,False,True,False,"9,99",,,discharge_capacity,ratio,ratio,,broad_physics,raw_zero_based
discharge_capacity_relative_difference_cycle_99_minus_9,capacity_summary_delta,capacity_summary_delta,summary_or_raw_cycle_mean,cross_cycle_scalar_delta,cross_cycle_scalar_delta,False,False,False,True,False,"9,99",,,discharge_capacity,relative_difference,relative_difference,,broad_physics,raw_zero_based
discharge_capacity_log_abs_difference_cycle_99_minus_9,capacity_summary_delta,capacity_summary_delta,summary_or_raw_cycle_mean,cross_cycle_scalar_delta,cross_cycle_scalar_delta,False,False,False,True,False,"9,99",,,discharge_capacity,log_abs_difference,log_abs_difference,,broad_physics,raw_zero_based
charge_capacity_difference_cycle_9_minus_0,capacity_summary_delta,capacity_summary_delta,summary_or_raw_cycle_mean,cross_cycle_scalar_delta,cross_cycle_scalar_delta,False,False,False,True,False,"0,9",,,charge_capacity,difference,difference,,broad_physics,raw_zero_based
charge_capacity_ratio_cycle_9_minus_0,capacity_summary_delta,capacity_summary_delta,summary_or_raw_cycle_mean,cross_cycle_scalar_delta,cross_cycle_scalar_delta,False,False,False,True,False,"0,9",,,charge_capacity,ratio,ratio,,broad_physics,raw_zero_based
charge_capacity_relative_difference_cycle_9_minus_0,capacity_summary_delta,capacity_summary_delta,summary_or_raw_cycle_mean,cross_cycle_scalar_delta,cross_cycle_scalar_delta,False,False,False,True,False,"0,9",,,charge_capacity,relative_difference,relative_difference,,broad_physics,raw_zero_based
charge_capacity_log_abs_difference_cycle_9_minus_0,capacity_summary_delta,capacity_summary_delta,summary_or_raw_cycle_mean,cross_cycle_scalar_delta,cross_cycle_scalar_delta,False,False,False,True,False,"0,9",,,charge_capacity,log_abs_difference,log_abs_difference,,broad_physics,raw_zero_based
charge_capacity_difference_cycle_99_minus_1,capacity_summary_delta,capacity_summary_delta,summary_or_raw_cycle_mean,cross_cycle_scalar_delta,cross_cycle_scalar_delta,False,False,False,True,False,"1,99",,,charge_capacity,difference,difference,,broad_physics,raw_zero_based
charge_capacity_ratio_cycle_99_minus_1,capacity_summary_delta,capacity_summary_delta,summary_or_raw_cycle_mean,cross_cycle_scalar_delta,cross_cycle_scalar_delta,False,False,False,True,False,"1,99",,,charge_capacity,ratio,ratio,,broad_physics,raw_zero_based
charge_capacity_relative_difference_cycle_99_minus_1,capacity_summary_delta,capacity_summary_delta,summary_or_raw_cycle_mean,cross_cycle_scalar_delta,cross_cycle_scalar_delta,False,False,False,True,False,"1,99",,,charge_capacity,relative_difference,relative_difference,,broad_physics,raw_zero_based
charge_capacity_log_abs_difference_cycle_99_minus_1,capacity_summary_delta,capacity_summary_delta,summary_or_raw_cycle_mean,cross_cycle_scalar_delta,cross_cycle_scalar_delta,False,False,False,True,False,"1,99",,,charge_capacity,log_abs_difference,log_abs_difference,,broad_physics,raw_zero_based
charge_capacity_difference_cycle_99_minus_9,capacity_summary_delta,capacity_summary_delta,summary_or_raw_cycle_mean,cross_cycle_scalar_delta,cross_cycle_scalar_delta,False,False,False,True,False,"9,99",,,charge_capacity,difference,difference,,broad_physics,raw_zero_based
charge_capacity_ratio_cycle_99_minus_9,capacity_summary_delta,capacity_summary_delta,summary_or_raw_cycle_mean,cross_cycle_scalar_delta,cross_cycle_scalar_delta,False,False,False,True,False,"9,99",,,charge_capacity,ratio,ratio,,broad_physics,raw_zero_based
charge_capacity_relative_difference_cycle_99_minus_9,capacity_summary_delta,capacity_summary_delta,summary_or_raw_cycle_mean,cross_cycle_scalar_delta,cross_cycle_scalar_delta,False,False,False,True,False,"9,99",,,charge_capacity,relative_difference,relative_difference,,broad_physics,raw_zero_based
charge_capacity_log_abs_difference_cycle_99_minus_9,capacity_summary_delta,capacity_summary_delta,summary_or_raw_cycle_mean,cross_cycle_scalar_delta,cross_cycle_scalar_delta,False,False,False,True,False,"9,99",,,charge_capacity,log_abs_difference,log_abs_difference,,broad_physics,raw_zero_based
discharge_energy_difference_cycle_9_minus_0,energy_summary_delta,energy_summary_delta,summary_or_raw_cycle_mean,cross_cycle_scalar_delta,cross_cycle_scalar_delta,False,False,False,True,False,"0,9",,,discharge_energy,difference,difference,,broad_physics,raw_zero_based
discharge_energy_ratio_cycle_9_minus_0,energy_summary_delta,energy_summary_delta,summary_or_raw_cycle_mean,cross_cycle_scalar_delta,cross_cycle_scalar_delta,False,False,False,True,False,"0,9",,,discharge_energy,ratio,ratio,,broad_physics,raw_zero_based
discharge_energy_relative_difference_cycle_9_minus_0,energy_summary_delta,energy_summary_delta,summary_or_raw_cycle_mean,cross_cycle_scalar_delta,cross_cycle_scalar_delta,False,False,False,True,False,"0,9",,,discharge_energy,relative_difference,relative_difference,,broad_physics,raw_zero_based
discharge_energy_log_abs_difference_cycle_9_minus_0,energy_summary_delta,energy_summary_delta,summary_or_raw_cycle_mean,cross_cycle_scalar_delta,cross_cycle_scalar_delta,False,False,False,True,False,"0,9",,,discharge_energy,log_abs_difference,log_abs_difference,,broad_physics,raw_zero_based
discharge_energy_difference_cycle_99_minus_1,energy_summary_delta,energy_summary_delta,summary_or_raw_cycle_mean,cross_cycle_scalar_delta,cross_cycle_scalar_delta,False,False,False,True,False,"1,99",,,discharge_energy,difference,difference,,broad_physics,raw_zero_based
discharge_energy_ratio_cycle_99_minus_1,energy_summary_delta,energy_summary_delta,summary_or_raw_cycle_mean,cross_cycle_scalar_delta,cross_cycle_scalar_delta,False,False,False,True,False,"1,99",,,discharge_energy,ratio,ratio,,broad_physics,raw_zero_based
discharge_energy_relative_difference_cycle_99_minus_1,energy_summary_delta,energy_summary_delta,summary_or_raw_cycle_mean,cross_cycle_scalar_delta,cross_cycle_scalar_delta,False,False,False,True,False,"1,99",,,discharge_energy,relative_difference,relative_difference,,broad_physics,raw_zero_based
discharge_energy_log_abs_difference_cycle_99_minus_1,energy_summary_delta,energy_summary_delta,summary_or_raw_cycle_mean,cross_cycle_scalar_delta,cross_cycle_scalar_delta,False,False,False,True,False,"1,99",,,discharge_energy,log_abs_difference,log_abs_difference,,broad_physics,raw_zero_based
discharge_energy_difference_cycle_99_minus_9,energy_summary_delta,energy_summary_delta,summary_or_raw_cycle_mean,cross_cycle_scalar_delta,cross_cycle_scalar_delta,False,False,False,True,False,"9,99",,,discharge_energy,difference,difference,,broad_physics,raw_zero_based
discharge_energy_ratio_cycle_99_minus_9,energy_summary_delta,energy_summary_delta,summary_or_raw_cycle_mean,cross_cycle_scalar_delta,cross_cycle_scalar_delta,False,False,False,True,False,"9,99",,,discharge_energy,ratio,ratio,,broad_physics,raw_zero_based
discharge_energy_relative_difference_cycle_99_minus_9,energy_summary_delta,energy_summary_delta,summary_or_raw_cycle_mean,cross_cycle_scalar_delta,cross_cycle_scalar_delta,False,False,False,True,False,"9,99",,,discharge_energy,relative_difference,relative_difference,,broad_physics,raw_zero_based
discharge_energy_log_abs_difference_cycle_99_minus_9,energy_summary_delta,energy_summary_delta,summary_or_raw_cycle_mean,cross_cycle_scalar_delta,cross_cycle_scalar_delta,False,False,False,True,False,"9,99",,,discharge_energy,log_abs_difference,log_abs_difference,,broad_physics,raw_zero_based
charge_energy_difference_cycle_9_minus_0,energy_summary_delta,energy_summary_delta,summary_or_raw_cycle_mean,cross_cycle_scalar_delta,cross_cycle_scalar_delta,False,False,False,True,False,"0,9",,,charge_energy,difference,difference,,broad_physics,raw_zero_based
charge_energy_ratio_cycle_9_minus_0,energy_summary_delta,energy_summary_delta,summary_or_raw_cycle_mean,cross_cycle_scalar_delta,cross_cycle_scalar_delta,False,False,False,True,False,"0,9",,,charge_energy,ratio,ratio,,broad_physics,raw_zero_based
charge_energy_relative_difference_cycle_9_minus_0,energy_summary_delta,energy_summary_delta,summary_or_raw_cycle_mean,cross_cycle_scalar_delta,cross_cycle_scalar_delta,False,False,False,True,False,"0,9",,,charge_energy,relative_difference,relative_difference,,broad_physics,raw_zero_based
charge_energy_log_abs_difference_cycle_9_minus_0,energy_summary_delta,energy_summary_delta,summary_or_raw_cycle_mean,cross_cycle_scalar_delta,cross_cycle_scalar_delta,False,False,False,True,False,"0,9",,,charge_energy,log_abs_difference,log_abs_difference,,broad_physics,raw_zero_based
charge_energy_difference_cycle_99_minus_1,energy_summary_delta,energy_summary_delta,summary_or_raw_cycle_mean,cross_cycle_scalar_delta,cross_cycle_scalar_delta,False,False,False,True,False,"1,99",,,charge_energy,difference,difference,,broad_physics,raw_zero_based
charge_energy_ratio_cycle_99_minus_1,energy_summary_delta,energy_summary_delta,summary_or_raw_cycle_mean,cross_cycle_scalar_delta,cross_cycle_scalar_delta,False,False,False,True,False,"1,99",,,charge_energy,ratio,ratio,,broad_physics,raw_zero_based
charge_energy_relative_difference_cycle_99_minus_1,energy_summary_delta,energy_summary_delta,summary_or_raw_cycle_mean,cross_cycle_scalar_delta,cross_cycle_scalar_delta,False,False,False,True,False,"1,99",,,charge_energy,relative_difference,relative_difference,,broad_physics,raw_zero_based
charge_energy_log_abs_difference_cycle_99_minus_1,energy_summary_delta,energy_summary_delta,summary_or_raw_cycle_mean,cross_cycle_scalar_delta,cross_cycle_scalar_delta,False,False,False,True,False,"1,99",,,charge_energy,log_abs_difference,log_abs_difference,,broad_physics,raw_zero_based
charge_energy_difference_cycle_99_minus_9,energy_summary_delta,energy_summary_delta,summary_or_raw_cycle_mean,cross_cycle_scalar_delta,cross_cycle_scalar_delta,False,False,False,True,False,"9,99",,,charge_energy,difference,difference,,broad_physics,raw_zero_based
charge_energy_ratio_cycle_99_minus_9,energy_summary_delta,energy_summary_delta,summary_or_raw_cycle_mean,cross_cycle_scalar_delta,cross_cycle_scalar_delta,False,False,False,True,False,"9,99",,,charge_energy,ratio,ratio,,broad_physics,raw_zero_based
charge_energy_relative_difference_cycle_99_minus_9,energy_summary_delta,energy_summary_delta,summary_or_raw_cycle_mean,cross_cycle_scalar_delta,cross_cycle_scalar_delta,False,False,False,True,False,"9,99",,,charge_energy,relative_difference,relative_difference,,broad_physics,raw_zero_based
charge_energy_log_abs_difference_cycle_99_minus_9,energy_summary_delta,energy_summary_delta,summary_or_raw_cycle_mean,cross_cycle_scalar_delta,cross_cycle_scalar_delta,False,False,False,True,False,"9,99",,,charge_energy,log_abs_difference,log_abs_difference,,broad_physics,raw_zero_based
discharge_discharge_capacity_vs_voltage_min_cycle_0,true_curve_shape,true_curve_shape,raw_cycles_interpolated,curve_shape,curve_shape,True,False,True,False,False,0,discharge,voltage,discharge_capacity,min,,,broad_physics,raw_zero_based
discharge_discharge_capacity_vs_voltage_max_cycle_0,true_curve_shape,true_curve_shape,raw_cycles_interpolated,curve_shape,curve_shape,True,False,True,False,False,0,discharge,voltage,discharge_capacity,max,,,broad_physics,raw_zero_based
discharge_discharge_capacity_vs_voltage_mean_cycle_0,true_curve_shape,true_curve_shape,raw_cycles_interpolated,curve_shape,curve_shape,True,False,True,False,False,0,discharge,voltage,discharge_capacity,mean,,,broad_physics,raw_zero_based
discharge_discharge_capacity_vs_voltage_std_cycle_0,true_curve_shape,true_curve_shape,raw_cycles_interpolated,curve_shape,curve_shape,True,False,True,False,False,0,discharge,voltage,discharge_capacity,std,,,broad_physics,raw_zero_based
discharge_discharge_capacity_vs_voltage_var_cycle_0,true_curve_shape,true_curve_shape,raw_cycles_interpolated,curve_shape,curve_shape,True,False,True,False,False,0,discharge,voltage,discharge_capacity,var,,,broad_physics,raw_zero_based
discharge_discharge_capacity_vs_voltage_area_cycle_0,true_curve_shape,true_curve_shape,raw_cycles_interpolated,curve_shape,curve_shape,True,False,True,False,False,0,discharge,voltage,discharge_capacity,area,,,broad_physics,raw_zero_based
discharge_discharge_capacity_vs_voltage_slope_mean_cycle_0,true_curve_shape,true_curve_shape,raw_cycles_interpolated,curve_shape,curve_shape,True,False,True,False,False,0,discharge,voltage,discharge_capacity,slope_mean,,,broad_physics,raw_zero_based
discharge_charge_capacity_vs_voltage_min_cycle_0,true_curve_shape,true_curve_shape,raw_cycles_interpolated,curve_shape,curve_shape,True,False,True,False,False,0,discharge,voltage,charge_capacity,min,,,broad_physics,raw_zero_based
discharge_charge_capacity_vs_voltage_max_cycle_0,true_curve_shape,true_curve_shape,raw_cycles_interpolated,curve_shape,curve_shape,True,False,True,False,False,0,discharge,voltage,charge_capacity,max,,,broad_physics,raw_zero_based
discharge_charge_capacity_vs_voltage_mean_cycle_0,true_curve_shape,true_curve_shape,raw_cycles_interpolated,curve_shape,curve_shape,True,False,True,False,False,0,discharge,voltage,charge_capacity,mean,,,broad_physics,raw_zero_based
discharge_charge_capacity_vs_voltage_std_cycle_0,true_curve_shape,true_curve_shape,raw_cycles_interpolated,curve_shape,curve_shape,True,False,True,False,False,0,discharge,voltage,charge_capacity,std,,,broad_physics,raw_zero_based
discharge_charge_capacity_vs_voltage_var_cycle_0,true_curve_shape,true_curve_shape,raw_cycles_interpolated,curve_shape,curve_shape,True,False,True,False,False,0,discharge,voltage,charge_capacity,var,,,broad_physics,raw_zero_based
discharge_charge_capacity_vs_voltage_area_cycle_0,true_curve_shape,true_curve_shape,raw_cycles_interpolated,curve_shape,curve_shape,True,False,True,False,False,0,discharge,voltage,charge_capacity,area,,,broad_physics,raw_zero_based
discharge_charge_capacity_vs_voltage_slope_mean_cycle_0,true_curve_shape,true_curve_shape,raw_cycles_interpolated,curve_shape,curve_shape,True,False,True,False,False,0,discharge,voltage,charge_capacity,slope_mean,,,broad_physics,raw_zero_based
discharge_current_vs_voltage_min_cycle_0,true_curve_shape,true_curve_shape,raw_cycles_interpolated,curve_shape,curve_shape,True,False,True,False,False,0,discharge,voltage,current,min,,,broad_physics,raw_zero_based
discharge_current_vs_voltage_max_cycle_0,true_curve_shape,true_curve_shape,raw_cycles_interpolated,curve_shape,curve_shape,True,False,True,False,False,0,discharge,voltage,current,max,,,broad_physics,raw_zero_based
discharge_current_vs_voltage_mean_cycle_0,true_curve_shape,true_curve_shape,raw_cycles_interpolated,curve_shape,curve_shape,True,False,True,False,False,0,discharge,voltage,current,mean,,,broad_physics,raw_zero_based
discharge_current_vs_voltage_std_cycle_0,true_curve_shape,true_curve_shape,raw_cycles_interpolated,curve_shape,curve_shape,True,False,True,False,False,0,discharge,voltage,current,std,,,broad_physics,raw_zero_based
discharge_current_vs_voltage_var_cycle_0,true_curve_shape,true_curve_shape,raw_cycles_interpolated,curve_shape,curve_shape,True,False,True,False,False,0,discharge,voltage,current,var,,,broad_physics,raw_zero_based
discharge_current_vs_voltage_area_cycle_0,true_curve_shape,true_curve_shape,raw_cycles_interpolated,curve_shape,curve_shape,True,False,True,False,False,0,discharge,voltage,current,area,,,broad_physics,raw_zero_based
discharge_current_vs_voltage_slope_mean_cycle_0,true_curve_shape,true_curve_shape,raw_cycles_interpolated,curve_shape,curve_shape,True,False,True,False,False,0,discharge,voltage,current,slope_mean,,,broad_physics,raw_zero_based
discharge_temperature_vs_voltage_min_cycle_0,true_curve_shape,true_curve_shape,raw_cycles_interpolated,curve_shape,curve_shape,True,False,True,False,False,0,discharge,voltage,temperature,min,,,broad_physics,raw_zero_based
discharge_temperature_vs_voltage_max_cycle_0,true_curve_shape,true_curve_shape,raw_cycles_interpolated,curve_shape,curve_shape,True,False,True,False,False,0,discharge,voltage,temperature,max,,,broad_physics,raw_zero_based
discharge_temperature_vs_voltage_mean_cycle_0,true_curve_shape,true_curve_shape,raw_cycles_interpolated,curve_shape,curve_shape,True,False,True,False,False,0,discharge,voltage,temperature,mean,,,broad_physics,raw_zero_based
discharge_temperature_vs_voltage_std_cycle_0,true_curve_shape,true_curve_shape,raw_cycles_interpolated,curve_shape,curve_shape,True,False,True,False,False,0,discharge,voltage,temperature,std,,,broad_physics,raw_zero_based
discharge_temperature_vs_voltage_var_cycle_0,true_curve_shape,true_curve_shape,raw_cycles_interpolated,curve_shape,curve_shape,True,False,True,False,False,0,discharge,voltage,temperature,var,,,broad_physics,raw_zero_based
discharge_temperature_vs_voltage_area_cycle_0,true_curve_shape,true_curve_shape,raw_cycles_interpolated,curve_shape,curve_shape,True,False,True,False,False,0,discharge,voltage,temperature,area,,,broad_physics,raw_zero_based
discharge_temperature_vs_voltage_slope_mean_cycle_0,true_curve_shape,true_curve_shape,raw_cycles_interpolated,curve_shape,curve_shape,True,False,True,False,False,0,discharge,voltage,temperature,slope_mean,,,broad_physics,raw_zero_based
discharge_discharge_capacity_vs_voltage_min_cycle_1,true_curve_shape,true_curve_shape,raw_cycles_interpolated,curve_shape,curve_shape,True,False,True,False,False,1,discharge,voltage,discharge_capacity,min,,,broad_physics,raw_zero_based
discharge_discharge_capacity_vs_voltage_max_cycle_1,true_curve_shape,true_curve_shape,raw_cycles_interpolated,curve_shape,curve_shape,True,False,True,False,False,1,discharge,voltage,discharge_capacity,max,,,broad_physics,raw_zero_based
discharge_discharge_capacity_vs_voltage_mean_cycle_1,true_curve_shape,true_curve_shape,raw_cycles_interpolated,curve_shape,curve_shape,True,False,True,False,False,1,discharge,voltage,discharge_capacity,mean,,,broad_physics,raw_zero_based
discharge_discharge_capacity_vs_voltage_std_cycle_1,true_curve_shape,true_curve_shape,raw_cycles_interpolated,curve_shape,curve_shape,True,False,True,False,False,1,discharge,voltage,discharge_capacity,std,,,broad_physics,raw_zero_based
discharge_discharge_capacity_vs_voltage_var_cycle_1,true_curve_shape,true_curve_shape,raw_cycles_interpolated,curve_shape,curve_shape,True,False,True,False,False,1,discharge,voltage,discharge_capacity,var,,,broad_physics,raw_zero_based
discharge_discharge_capacity_vs_voltage_area_cycle_1,true_curve_shape,true_curve_shape,raw_cycles_interpolated,curve_shape,curve_shape,True,False,True,False,False,1,discharge,voltage,discharge_capacity,area,,,broad_physics,raw_zero_based
discharge_discharge_capacity_vs_voltage_slope_mean_cycle_1,true_curve_shape,true_curve_shape,raw_cycles_interpolated,curve_shape,curve_shape,True,False,True,False,False,1,discharge,voltage,discharge_capacity,slope_mean,,,broad_physics,raw_zero_based
discharge_charge_capacity_vs_voltage_min_cycle_1,true_curve_shape,true_curve_shape,raw_cycles_interpolated,curve_shape,curve_shape,True,False,True,False,False,1,discharge,voltage,charge_capacity,min,,,broad_physics,raw_zero_based
discharge_charge_capacity_vs_voltage_max_cycle_1,true_curve_shape,true_curve_shape,raw_cycles_interpolated,curve_shape,curve_shape,True,False,True,False,False,1,discharge,voltage,charge_capacity,max,,,broad_physics,raw_zero_based
discharge_charge_capacity_vs_voltage_mean_cycle_1,true_curve_shape,true_curve_shape,raw_cycles_interpolated,curve_shape,curve_shape,True,False,True,False,False,1,discharge,voltage,charge_capacity,mean,,,broad_physics,raw_zero_based
discharge_charge_capacity_vs_voltage_std_cycle_1,true_curve_shape,true_curve_shape,raw_cycles_interpolated,curve_shape,curve_shape,True,False,True,False,False,1,discharge,voltage,charge_capacity,std,,,broad_physics,raw_zero_based
discharge_charge_capacity_vs_voltage_var_cycle_1,true_curve_shape,true_curve_shape,raw_cycles_interpolated,curve_shape,curve_shape,True,False,True,False,False,1,discharge,voltage,charge_capacity,var,,,broad_physics,raw_zero_based
discharge_charge_capacity_vs_voltage_area_cycle_1,true_curve_shape,true_curve_shape,raw_cycles_interpolated,curve_shape,curve_shape,True,False,True,False,False,1,discharge,voltage,charge_capacity,area,,,broad_physics,raw_zero_based
discharge_charge_capacity_vs_voltage_slope_mean_cycle_1,true_curve_shape,true_curve_shape,raw_cycles_interpolated,curve_shape,curve_shape,True,False,True,False,False,1,discharge,voltage,charge_capacity,slope_mean,,,broad_physics,raw_zero_based
discharge_current_vs_voltage_min_cycle_1,true_curve_shape,true_curve_shape,raw_cycles_interpolated,curve_shape,curve_shape,True,False,True,False,False,1,discharge,voltage,current,min,,,broad_physics,raw_zero_based
discharge_current_vs_voltage_max_cycle_1,true_curve_shape,true_curve_shape,raw_cycles_interpolated,curve_shape,curve_shape,True,False,True,False,False,1,discharge,voltage,current,max,,,broad_physics,raw_zero_based
discharge_current_vs_voltage_mean_cycle_1,true_curve_shape,true_curve_shape,raw_cycles_interpolated,curve_shape,curve_shape,True,False,True,False,False,1,discharge,voltage,current,mean,,,broad_physics,raw_zero_based
discharge_current_vs_voltage_std_cycle_1,true_curve_shape,true_curve_shape,raw_cycles_interpolated,curve_shape,curve_shape,True,False,True,False,False,1,discharge,voltage,current,std,,,broad_physics,raw_zero_based
discharge_current_vs_voltage_var_cycle_1,true_curve_shape,true_curve_shape,raw_cycles_interpolated,curve_shape,curve_shape,True,False,True,False,False,1,discharge,voltage,current,var,,,broad_physics,raw_zero_based
discharge_current_vs_voltage_area_cycle_1,true_curve_shape,true_curve_shape,raw_cycles_interpolated,curve_shape,curve_shape,True,False,True,False,False,1,discharge,voltage,current,area,,,broad_physics,raw_zero_based
discharge_current_vs_voltage_slope_mean_cycle_1,true_curve_shape,true_curve_shape,raw_cycles_interpolated,curve_shape,curve_shape,True,False,True,False,False,1,discharge,voltage,current,slope_mean,,,broad_physics,raw_zero_based
discharge_temperature_vs_voltage_min_cycle_1,true_curve_shape,true_curve_shape,raw_cycles_interpolated,curve_shape,curve_shape,True,False,True,False,False,1,discharge,voltage,temperature,min,,,broad_physics,raw_zero_based
discharge_temperature_vs_voltage_max_cycle_1,true_curve_shape,true_curve_shape,raw_cycles_interpolated,curve_shape,curve_shape,True,False,True,False,False,1,discharge,voltage,temperature,max,,,broad_physics,raw_zero_based
discharge_temperature_vs_voltage_mean_cycle_1,true_curve_shape,true_curve_shape,raw_cycles_interpolated,curve_shape,curve_shape,True,False,True,False,False,1,discharge,voltage,temperature,mean,,,broad_physics,raw_zero_based
discharge_temperature_vs_voltage_std_cycle_1,true_curve_shape,true_curve_shape,raw_cycles_interpolated,curve_shape,curve_shape,True,False,True,False,False,1,discharge,voltage,temperature,std,,,broad_physics,raw_zero_based
discharge_temperature_vs_voltage_var_cycle_1,true_curve_shape,true_curve_shape,raw_cycles_interpolated,curve_shape,curve_shape,True,False,True,False,False,1,discharge,voltage,temperature,var,,,broad_physics,raw_zero_based
discharge_temperature_vs_voltage_area_cycle_1,true_curve_shape,true_curve_shape,raw_cycles_interpolated,curve_shape,curve_shape,True,False,True,False,False,1,discharge,voltage,temperature,area,,,broad_physics,raw_zero_based
discharge_temperature_vs_voltage_slope_mean_cycle_1,true_curve_shape,true_curve_shape,raw_cycles_interpolated,curve_shape,curve_shape,True,False,True,False,False,1,discharge,voltage,temperature,slope_mean,,,broad_physics,raw_zero_based
discharge_discharge_capacity_vs_voltage_min_cycle_9,true_curve_shape,true_curve_shape,raw_cycles_interpolated,curve_shape,curve_shape,True,False,True,False,False,9,discharge,voltage,discharge_capacity,min,,,broad_physics,raw_zero_based
discharge_discharge_capacity_vs_voltage_max_cycle_9,true_curve_shape,true_curve_shape,raw_cycles_interpolated,curve_shape,curve_shape,True,False,True,False,False,9,discharge,voltage,discharge_capacity,max,,,broad_physics,raw_zero_based
discharge_discharge_capacity_vs_voltage_mean_cycle_9,true_curve_shape,true_curve_shape,raw_cycles_interpolated,curve_shape,curve_shape,True,False,True,False,False,9,discharge,voltage,discharge_capacity,mean,,,broad_physics,raw_zero_based
discharge_discharge_capacity_vs_voltage_std_cycle_9,true_curve_shape,true_curve_shape,raw_cycles_interpolated,curve_shape,curve_shape,True,False,True,False,False,9,discharge,voltage,discharge_capacity,std,,,broad_physics,raw_zero_based
discharge_discharge_capacity_vs_voltage_var_cycle_9,true_curve_shape,true_curve_shape,raw_cycles_interpolated,curve_shape,curve_shape,True,False,True,False,False,9,discharge,voltage,discharge_capacity,var,,,broad_physics,raw_zero_based
discharge_discharge_capacity_vs_voltage_area_cycle_9,true_curve_shape,true_curve_shape,raw_cycles_interpolated,curve_shape,curve_shape,True,False,True,False,False,9,discharge,voltage,discharge_capacity,area,,,broad_physics,raw_zero_based
discharge_discharge_capacity_vs_voltage_slope_mean_cycle_9,true_curve_shape,true_curve_shape,raw_cycles_interpolated,curve_shape,curve_shape,True,False,True,False,False,9,discharge,voltage,discharge_capacity,slope_mean,,,broad_physics,raw_zero_based
discharge_charge_capacity_vs_voltage_min_cycle_9,true_curve_shape,true_curve_shape,raw_cycles_interpolated,curve_shape,curve_shape,True,False,True,False,False,9,discharge,voltage,charge_capacity,min,,,broad_physics,raw_zero_based
discharge_charge_capacity_vs_voltage_max_cycle_9,true_curve_shape,true_curve_shape,raw_cycles_interpolated,curve_shape,curve_shape,True,False,True,False,False,9,discharge,voltage,charge_capacity,max,,,broad_physics,raw_zero_based
discharge_charge_capacity_vs_voltage_mean_cycle_9,true_curve_shape,true_curve_shape,raw_cycles_interpolated,curve_shape,curve_shape,True,False,True,False,False,9,discharge,voltage,charge_capacity,mean,,,broad_physics,raw_zero_based
discharge_charge_capacity_vs_voltage_std_cycle_9,true_curve_shape,true_curve_shape,raw_cycles_interpolated,curve_shape,curve_shape,True,False,True,False,False,9,discharge,voltage,charge_capacity,std,,,broad_physics,raw_zero_based
discharge_charge_capacity_vs_voltage_var_cycle_9,true_curve_shape,true_curve_shape,raw_cycles_interpolated,curve_shape,curve_shape,True,False,True,False,False,9,discharge,voltage,charge_capacity,var,,,broad_physics,raw_zero_based
discharge_charge_capacity_vs_voltage_area_cycle_9,true_curve_shape,true_curve_shape,raw_cycles_interpolated,curve_shape,curve_shape,True,False,True,False,False,9,discharge,voltage,charge_capacity,area,,,broad_physics,raw_zero_based
discharge_charge_capacity_vs_voltage_slope_mean_cycle_9,true_curve_shape,true_curve_shape,raw_cycles_interpolated,curve_shape,curve_shape,True,False,True,False,False,9,discharge,voltage,charge_capacity,slope_mean,,,broad_physics,raw_zero_based
discharge_current_vs_voltage_min_cycle_9,true_curve_shape,true_curve_shape,raw_cycles_interpolated,curve_shape,curve_shape,True,False,True,False,False,9,discharge,voltage,current,min,,,broad_physics,raw_zero_based
discharge_current_vs_voltage_max_cycle_9,true_curve_shape,true_curve_shape,raw_cycles_interpolated,curve_shape,curve_shape,True,False,True,False,False,9,discharge,voltage,current,max,,,broad_physics,raw_zero_based
discharge_current_vs_voltage_mean_cycle_9,true_curve_shape,true_curve_shape,raw_cycles_interpolated,curve_shape,curve_shape,True,False,True,False,False,9,discharge,voltage,current,mean,,,broad_physics,raw_zero_based
discharge_current_vs_voltage_std_cycle_9,true_curve_shape,true_curve_shape,raw_cycles_interpolated,curve_shape,curve_shape,True,False,True,False,False,9,discharge,voltage,current,std,,,broad_physics,raw_zero_based
discharge_current_vs_voltage_var_cycle_9,true_curve_shape,true_curve_shape,raw_cycles_interpolated,curve_shape,curve_shape,True,False,True,False,False,9,discharge,voltage,current,var,,,broad_physics,raw_zero_based
discharge_current_vs_voltage_area_cycle_9,true_curve_shape,true_curve_shape,raw_cycles_interpolated,curve_shape,curve_shape,True,False,True,False,False,9,discharge,voltage,current,area,,,broad_physics,raw_zero_based
discharge_current_vs_voltage_slope_mean_cycle_9,true_curve_shape,true_curve_shape,raw_cycles_interpolated,curve_shape,curve_shape,True,False,True,False,False,9,discharge,voltage,current,slope_mean,,,broad_physics,raw_zero_based
discharge_temperature_vs_voltage_min_cycle_9,true_curve_shape,true_curve_shape,raw_cycles_interpolated,curve_shape,curve_shape,True,False,True,False,False,9,discharge,voltage,temperature,min,,,broad_physics,raw_zero_based
discharge_temperature_vs_voltage_max_cycle_9,true_curve_shape,true_curve_shape,raw_cycles_interpolated,curve_shape,curve_shape,True,False,True,False,False,9,discharge,voltage,temperature,max,,,broad_physics,raw_zero_based
discharge_temperature_vs_voltage_mean_cycle_9,true_curve_shape,true_curve_shape,raw_cycles_interpolated,curve_shape,curve_shape,True,False,True,False,False,9,discharge,voltage,temperature,mean,,,broad_physics,raw_zero_based
discharge_temperature_vs_voltage_std_cycle_9,true_curve_shape,true_curve_shape,raw_cycles_interpolated,curve_shape,curve_shape,True,False,True,False,False,9,discharge,voltage,temperature,std,,,broad_physics,raw_zero_based
discharge_temperature_vs_voltage_var_cycle_9,true_curve_shape,true_curve_shape,raw_cycles_interpolated,curve_shape,curve_shape,True,False,True,False,False,9,discharge,voltage,temperature,var,,,broad_physics,raw_zero_based
discharge_temperature_vs_voltage_area_cycle_9,true_curve_shape,true_curve_shape,raw_cycles_interpolated,curve_shape,curve_shape,True,False,True,False,False,9,discharge,voltage,temperature,area,,,broad_physics,raw_zero_based
discharge_temperature_vs_voltage_slope_mean_cycle_9,true_curve_shape,true_curve_shape,raw_cycles_interpolated,curve_shape,curve_shape,True,False,True,False,False,9,discharge,voltage,temperature,slope_mean,,,broad_physics,raw_zero_based
discharge_discharge_capacity_vs_voltage_min_cycle_49,true_curve_shape,true_curve_shape,raw_cycles_interpolated,curve_shape,curve_shape,True,False,True,False,False,49,discharge,voltage,discharge_capacity,min,,,broad_physics,raw_zero_based
discharge_discharge_capacity_vs_voltage_max_cycle_49,true_curve_shape,true_curve_shape,raw_cycles_interpolated,curve_shape,curve_shape,True,False,True,False,False,49,discharge,voltage,discharge_capacity,max,,,broad_physics,raw_zero_based
discharge_discharge_capacity_vs_voltage_mean_cycle_49,true_curve_shape,true_curve_shape,raw_cycles_interpolated,curve_shape,curve_shape,True,False,True,False,False,49,discharge,voltage,discharge_capacity,mean,,,broad_physics,raw_zero_based
discharge_discharge_capacity_vs_voltage_std_cycle_49,true_curve_shape,true_curve_shape,raw_cycles_interpolated,curve_shape,curve_shape,True,False,True,False,False,49,discharge,voltage,discharge_capacity,std,,,broad_physics,raw_zero_based
discharge_discharge_capacity_vs_voltage_var_cycle_49,true_curve_shape,true_curve_shape,raw_cycles_interpolated,curve_shape,curve_shape,True,False,True,False,False,49,discharge,voltage,discharge_capacity,var,,,broad_physics,raw_zero_based
discharge_discharge_capacity_vs_voltage_area_cycle_49,true_curve_shape,true_curve_shape,raw_cycles_interpolated,curve_shape,curve_shape,True,False,True,False,False,49,discharge,voltage,discharge_capacity,area,,,broad_physics,raw_zero_based
discharge_discharge_capacity_vs_voltage_slope_mean_cycle_49,true_curve_shape,true_curve_shape,raw_cycles_interpolated,curve_shape,curve_shape,True,False,True,False,False,49,discharge,voltage,discharge_capacity,slope_mean,,,broad_physics,raw_zero_based
discharge_charge_capacity_vs_voltage_min_cycle_49,true_curve_shape,true_curve_shape,raw_cycles_interpolated,curve_shape,curve_shape,True,False,True,False,False,49,discharge,voltage,charge_capacity,min,,,broad_physics,raw_zero_based
discharge_charge_capacity_vs_voltage_max_cycle_49,true_curve_shape,true_curve_shape,raw_cycles_interpolated,curve_shape,curve_shape,True,False,True,False,False,49,discharge,voltage,charge_capacity,max,,,broad_physics,raw_zero_based
discharge_charge_capacity_vs_voltage_mean_cycle_49,true_curve_shape,true_curve_shape,raw_cycles_interpolated,curve_shape,curve_shape,True,False,True,False,False,49,discharge,voltage,charge_capacity,mean,,,broad_physics,raw_zero_based
discharge_charge_capacity_vs_voltage_std_cycle_49,true_curve_shape,true_curve_shape,raw_cycles_interpolated,curve_shape,curve_shape,True,False,True,False,False,49,discharge,voltage,charge_capacity,std,,,broad_physics,raw_zero_based
discharge_charge_capacity_vs_voltage_var_cycle_49,true_curve_shape,true_curve_shape,raw_cycles_interpolated,curve_shape,curve_shape,True,False,True,False,False,49,discharge,voltage,charge_capacity,var,,,broad_physics,raw_zero_based
discharge_charge_capacity_vs_voltage_area_cycle_49,true_curve_shape,true_curve_shape,raw_cycles_interpolated,curve_shape,curve_shape,True,False,True,False,False,49,discharge,voltage,charge_capacity,area,,,broad_physics,raw_zero_based
discharge_charge_capacity_vs_voltage_slope_mean_cycle_49,true_curve_shape,true_curve_shape,raw_cycles_interpolated,curve_shape,curve_shape,True,False,True,False,False,49,discharge,voltage,charge_capacity,slope_mean,,,broad_physics,raw_zero_based
discharge_current_vs_voltage_min_cycle_49,true_curve_shape,true_curve_shape,raw_cycles_interpolated,curve_shape,curve_shape,True,False,True,False,False,49,discharge,voltage,current,min,,,broad_physics,raw_zero_based
discharge_current_vs_voltage_max_cycle_49,true_curve_shape,true_curve_shape,raw_cycles_interpolated,curve_shape,curve_shape,True,False,True,False,False,49,discharge,voltage,current,max,,,broad_physics,raw_zero_based
discharge_current_vs_voltage_mean_cycle_49,true_curve_shape,true_curve_shape,raw_cycles_interpolated,curve_shape,curve_shape,True,False,True,False,False,49,discharge,voltage,current,mean,,,broad_physics,raw_zero_based
discharge_current_vs_voltage_std_cycle_49,true_curve_shape,true_curve_shape,raw_cycles_interpolated,curve_shape,curve_shape,True,False,True,False,False,49,discharge,voltage,current,std,,,broad_physics,raw_zero_based
discharge_current_vs_voltage_var_cycle_49,true_curve_shape,true_curve_shape,raw_cycles_interpolated,curve_shape,curve_shape,True,False,True,False,False,49,discharge,voltage,current,var,,,broad_physics,raw_zero_based
discharge_current_vs_voltage_area_cycle_49,true_curve_shape,true_curve_shape,raw_cycles_interpolated,curve_shape,curve_shape,True,False,True,False,False,49,discharge,voltage,current,area,,,broad_physics,raw_zero_based
discharge_current_vs_voltage_slope_mean_cycle_49,true_curve_shape,true_curve_shape,raw_cycles_interpolated,curve_shape,curve_shape,True,False,True,False,False,49,discharge,voltage,current,slope_mean,,,broad_physics,raw_zero_based
discharge_temperature_vs_voltage_min_cycle_49,true_curve_shape,true_curve_shape,raw_cycles_interpolated,curve_shape,curve_shape,True,False,True,False,False,49,discharge,voltage,temperature,min,,,broad_physics,raw_zero_based
discharge_temperature_vs_voltage_max_cycle_49,true_curve_shape,true_curve_shape,raw_cycles_interpolated,curve_shape,curve_shape,True,False,True,False,False,49,discharge,voltage,temperature,max,,,broad_physics,raw_zero_based
discharge_temperature_vs_voltage_mean_cycle_49,true_curve_shape,true_curve_shape,raw_cycles_interpolated,curve_shape,curve_shape,True,False,True,False,False,49,discharge,voltage,temperature,mean,,,broad_physics,raw_zero_based
discharge_temperature_vs_voltage_std_cycle_49,true_curve_shape,true_curve_shape,raw_cycles_interpolated,curve_shape,curve_shape,True,False,True,False,False,49,discharge,voltage,temperature,std,,,broad_physics,raw_zero_based
discharge_temperature_vs_voltage_var_cycle_49,true_curve_shape,true_curve_shape,raw_cycles_interpolated,curve_shape,curve_shape,True,False,True,False,False,49,discharge,voltage,temperature,var,,,broad_physics,raw_zero_based
discharge_temperature_vs_voltage_area_cycle_49,true_curve_shape,true_curve_shape,raw_cycles_interpolated,curve_shape,curve_shape,True,False,True,False,False,49,discharge,voltage,temperature,area,,,broad_physics,raw_zero_based
discharge_temperature_vs_voltage_slope_mean_cycle_49,true_curve_shape,true_curve_shape,raw_cycles_interpolated,curve_shape,curve_shape,True,False,True,False,False,49,discharge,voltage,temperature,slope_mean,,,broad_physics,raw_zero_based
discharge_discharge_capacity_vs_voltage_min_cycle_99,true_curve_shape,true_curve_shape,raw_cycles_interpolated,curve_shape,curve_shape,True,False,True,False,False,99,discharge,voltage,discharge_capacity,min,,,broad_physics,raw_zero_based
discharge_discharge_capacity_vs_voltage_max_cycle_99,true_curve_shape,true_curve_shape,raw_cycles_interpolated,curve_shape,curve_shape,True,False,True,False,False,99,discharge,voltage,discharge_capacity,max,,,broad_physics,raw_zero_based
discharge_discharge_capacity_vs_voltage_mean_cycle_99,true_curve_shape,true_curve_shape,raw_cycles_interpolated,curve_shape,curve_shape,True,False,True,False,False,99,discharge,voltage,discharge_capacity,mean,,,broad_physics,raw_zero_based
discharge_discharge_capacity_vs_voltage_std_cycle_99,true_curve_shape,true_curve_shape,raw_cycles_interpolated,curve_shape,curve_shape,True,False,True,False,False,99,discharge,voltage,discharge_capacity,std,,,broad_physics,raw_zero_based
discharge_discharge_capacity_vs_voltage_var_cycle_99,true_curve_shape,true_curve_shape,raw_cycles_interpolated,curve_shape,curve_shape,True,False,True,False,False,99,discharge,voltage,discharge_capacity,var,,,broad_physics,raw_zero_based
discharge_discharge_capacity_vs_voltage_area_cycle_99,true_curve_shape,true_curve_shape,raw_cycles_interpolated,curve_shape,curve_shape,True,False,True,False,False,99,discharge,voltage,discharge_capacity,area,,,broad_physics,raw_zero_based
discharge_discharge_capacity_vs_voltage_slope_mean_cycle_99,true_curve_shape,true_curve_shape,raw_cycles_interpolated,curve_shape,curve_shape,True,False,True,False,False,99,discharge,voltage,discharge_capacity,slope_mean,,,broad_physics,raw_zero_based
discharge_charge_capacity_vs_voltage_min_cycle_99,true_curve_shape,true_curve_shape,raw_cycles_interpolated,curve_shape,curve_shape,True,False,True,False,False,99,discharge,voltage,charge_capacity,min,,,broad_physics,raw_zero_based
discharge_charge_capacity_vs_voltage_max_cycle_99,true_curve_shape,true_curve_shape,raw_cycles_interpolated,curve_shape,curve_shape,True,False,True,False,False,99,discharge,voltage,charge_capacity,max,,,broad_physics,raw_zero_based
discharge_charge_capacity_vs_voltage_mean_cycle_99,true_curve_shape,true_curve_shape,raw_cycles_interpolated,curve_shape,curve_shape,True,False,True,False,False,99,discharge,voltage,charge_capacity,mean,,,broad_physics,raw_zero_based
discharge_charge_capacity_vs_voltage_std_cycle_99,true_curve_shape,true_curve_shape,raw_cycles_interpolated,curve_shape,curve_shape,True,False,True,False,False,99,discharge,voltage,charge_capacity,std,,,broad_physics,raw_zero_based
discharge_charge_capacity_vs_voltage_var_cycle_99,true_curve_shape,true_curve_shape,raw_cycles_interpolated,curve_shape,curve_shape,True,False,True,False,False,99,discharge,voltage,charge_capacity,var,,,broad_physics,raw_zero_based
discharge_charge_capacity_vs_voltage_area_cycle_99,true_curve_shape,true_curve_shape,raw_cycles_interpolated,curve_shape,curve_shape,True,False,True,False,False,99,discharge,voltage,charge_capacity,area,,,broad_physics,raw_zero_based
discharge_charge_capacity_vs_voltage_slope_mean_cycle_99,true_curve_shape,true_curve_shape,raw_cycles_interpolated,curve_shape,curve_shape,True,False,True,False,False,99,discharge,voltage,charge_capacity,slope_mean,,,broad_physics,raw_zero_based
discharge_current_vs_voltage_min_cycle_99,true_curve_shape,true_curve_shape,raw_cycles_interpolated,curve_shape,curve_shape,True,False,True,False,False,99,discharge,voltage,current,min,,,broad_physics,raw_zero_based
discharge_current_vs_voltage_max_cycle_99,true_curve_shape,true_curve_shape,raw_cycles_interpolated,curve_shape,curve_shape,True,False,True,False,False,99,discharge,voltage,current,max,,,broad_physics,raw_zero_based
discharge_current_vs_voltage_mean_cycle_99,true_curve_shape,true_curve_shape,raw_cycles_interpolated,curve_shape,curve_shape,True,False,True,False,False,99,discharge,voltage,current,mean,,,broad_physics,raw_zero_based
discharge_current_vs_voltage_std_cycle_99,true_curve_shape,true_curve_shape,raw_cycles_interpolated,curve_shape,curve_shape,True,False,True,False,False,99,discharge,voltage,current,std,,,broad_physics,raw_zero_based
discharge_current_vs_voltage_var_cycle_99,true_curve_shape,true_curve_shape,raw_cycles_interpolated,curve_shape,curve_shape,True,False,True,False,False,99,discharge,voltage,current,var,,,broad_physics,raw_zero_based
discharge_current_vs_voltage_area_cycle_99,true_curve_shape,true_curve_shape,raw_cycles_interpolated,curve_shape,curve_shape,True,False,True,False,False,99,discharge,voltage,current,area,,,broad_physics,raw_zero_based
discharge_current_vs_voltage_slope_mean_cycle_99,true_curve_shape,true_curve_shape,raw_cycles_interpolated,curve_shape,curve_shape,True,False,True,False,False,99,discharge,voltage,current,slope_mean,,,broad_physics,raw_zero_based
discharge_temperature_vs_voltage_min_cycle_99,true_curve_shape,true_curve_shape,raw_cycles_interpolated,curve_shape,curve_shape,True,False,True,False,False,99,discharge,voltage,temperature,min,,,broad_physics,raw_zero_based
discharge_temperature_vs_voltage_max_cycle_99,true_curve_shape,true_curve_shape,raw_cycles_interpolated,curve_shape,curve_shape,True,False,True,False,False,99,discharge,voltage,temperature,max,,,broad_physics,raw_zero_based
discharge_temperature_vs_voltage_mean_cycle_99,true_curve_shape,true_curve_shape,raw_cycles_interpolated,curve_shape,curve_shape,True,False,True,False,False,99,discharge,voltage,temperature,mean,,,broad_physics,raw_zero_based
discharge_temperature_vs_voltage_std_cycle_99,true_curve_shape,true_curve_shape,raw_cycles_interpolated,curve_shape,curve_shape,True,False,True,False,False,99,discharge,voltage,temperature,std,,,broad_physics,raw_zero_based
discharge_temperature_vs_voltage_var_cycle_99,true_curve_shape,true_curve_shape,raw_cycles_interpolated,curve_shape,curve_shape,True,False,True,False,False,99,discharge,voltage,temperature,var,,,broad_physics,raw_zero_based
discharge_temperature_vs_voltage_area_cycle_99,true_curve_shape,true_curve_shape,raw_cycles_interpolated,curve_shape,curve_shape,True,False,True,False,False,99,discharge,voltage,temperature,area,,,broad_physics,raw_zero_based
discharge_temperature_vs_voltage_slope_mean_cycle_99,true_curve_shape,true_curve_shape,raw_cycles_interpolated,curve_shape,curve_shape,True,False,True,False,False,99,discharge,voltage,temperature,slope_mean,,,broad_physics,raw_zero_based
charge_discharge_capacity_vs_voltage_min_cycle_0,true_curve_shape,true_curve_shape,raw_cycles_interpolated,curve_shape,curve_shape,True,False,True,False,False,0,charge,voltage,discharge_capacity,min,,,broad_physics,raw_zero_based
charge_discharge_capacity_vs_voltage_max_cycle_0,true_curve_shape,true_curve_shape,raw_cycles_interpolated,curve_shape,curve_shape,True,False,True,False,False,0,charge,voltage,discharge_capacity,max,,,broad_physics,raw_zero_based
charge_discharge_capacity_vs_voltage_mean_cycle_0,true_curve_shape,true_curve_shape,raw_cycles_interpolated,curve_shape,curve_shape,True,False,True,False,False,0,charge,voltage,discharge_capacity,mean,,,broad_physics,raw_zero_based
charge_discharge_capacity_vs_voltage_std_cycle_0,true_curve_shape,true_curve_shape,raw_cycles_interpolated,curve_shape,curve_shape,True,False,True,False,False,0,charge,voltage,discharge_capacity,std,,,broad_physics,raw_zero_based
charge_discharge_capacity_vs_voltage_var_cycle_0,true_curve_shape,true_curve_shape,raw_cycles_interpolated,curve_shape,curve_shape,True,False,True,False,False,0,charge,voltage,discharge_capacity,var,,,broad_physics,raw_zero_based
charge_discharge_capacity_vs_voltage_area_cycle_0,true_curve_shape,true_curve_shape,raw_cycles_interpolated,curve_shape,curve_shape,True,False,True,False,False,0,charge,voltage,discharge_capacity,area,,,broad_physics,raw_zero_based
charge_discharge_capacity_vs_voltage_slope_mean_cycle_0,true_curve_shape,true_curve_shape,raw_cycles_interpolated,curve_shape,curve_shape,True,False,True,False,False,0,charge,voltage,discharge_capacity,slope_mean,,,broad_physics,raw_zero_based
charge_charge_capacity_vs_voltage_min_cycle_0,true_curve_shape,true_curve_shape,raw_cycles_interpolated,curve_shape,curve_shape,True,False,True,False,False,0,charge,voltage,charge_capacity,min,,,broad_physics,raw_zero_based
charge_charge_capacity_vs_voltage_max_cycle_0,true_curve_shape,true_curve_shape,raw_cycles_interpolated,curve_shape,curve_shape,True,False,True,False,False,0,charge,voltage,charge_capacity,max,,,broad_physics,raw_zero_based
charge_charge_capacity_vs_voltage_mean_cycle_0,true_curve_shape,true_curve_shape,raw_cycles_interpolated,curve_shape,curve_shape,True,False,True,False,False,0,charge,voltage,charge_capacity,mean,,,broad_physics,raw_zero_based
charge_charge_capacity_vs_voltage_std_cycle_0,true_curve_shape,true_curve_shape,raw_cycles_interpolated,curve_shape,curve_shape,True,False,True,False,False,0,charge,voltage,charge_capacity,std,,,broad_physics,raw_zero_based
charge_charge_capacity_vs_voltage_var_cycle_0,true_curve_shape,true_curve_shape,raw_cycles_interpolated,curve_shape,curve_shape,True,False,True,False,False,0,charge,voltage,charge_capacity,var,,,broad_physics,raw_zero_based
charge_charge_capacity_vs_voltage_area_cycle_0,true_curve_shape,true_curve_shape,raw_cycles_interpolated,curve_shape,curve_shape,True,False,True,False,False,0,charge,voltage,charge_capacity,area,,,broad_physics,raw_zero_based
charge_charge_capacity_vs_voltage_slope_mean_cycle_0,true_curve_shape,true_curve_shape,raw_cycles_interpolated,curve_shape,curve_shape,True,False,True,False,False,0,charge,voltage,charge_capacity,slope_mean,,,broad_physics,raw_zero_based
charge_current_vs_voltage_min_cycle_0,true_curve_shape,true_curve_shape,raw_cycles_interpolated,curve_shape,curve_shape,True,False,True,False,False,0,charge,voltage,current,min,,,broad_physics,raw_zero_based
charge_current_vs_voltage_max_cycle_0,true_curve_shape,true_curve_shape,raw_cycles_interpolated,curve_shape,curve_shape,True,False,True,False,False,0,charge,voltage,current,max,,,broad_physics,raw_zero_based
charge_current_vs_voltage_mean_cycle_0,true_curve_shape,true_curve_shape,raw_cycles_interpolated,curve_shape,curve_shape,True,False,True,False,False,0,charge,voltage,current,mean,,,broad_physics,raw_zero_based
charge_current_vs_voltage_std_cycle_0,true_curve_shape,true_curve_shape,raw_cycles_interpolated,curve_shape,curve_shape,True,False,True,False,False,0,charge,voltage,current,std,,,broad_physics,raw_zero_based
charge_current_vs_voltage_var_cycle_0,true_curve_shape,true_curve_shape,raw_cycles_interpolated,curve_shape,curve_shape,True,False,True,False,False,0,charge,voltage,current,var,,,broad_physics,raw_zero_based
charge_current_vs_voltage_area_cycle_0,true_curve_shape,true_curve_shape,raw_cycles_interpolated,curve_shape,curve_shape,True,False,True,False,False,0,charge,voltage,current,area,,,broad_physics,raw_zero_based
charge_current_vs_voltage_slope_mean_cycle_0,true_curve_shape,true_curve_shape,raw_cycles_interpolated,curve_shape,curve_shape,True,False,True,False,False,0,charge,voltage,current,slope_mean,,,broad_physics,raw_zero_based
charge_temperature_vs_voltage_min_cycle_0,true_curve_shape,true_curve_shape,raw_cycles_interpolated,curve_shape,curve_shape,True,False,True,False,False,0,charge,voltage,temperature,min,,,broad_physics,raw_zero_based
charge_temperature_vs_voltage_max_cycle_0,true_curve_shape,true_curve_shape,raw_cycles_interpolated,curve_shape,curve_shape,True,False,True,False,False,0,charge,voltage,temperature,max,,,broad_physics,raw_zero_based
charge_temperature_vs_voltage_mean_cycle_0,true_curve_shape,true_curve_shape,raw_cycles_interpolated,curve_shape,curve_shape,True,False,True,False,False,0,charge,voltage,temperature,mean,,,broad_physics,raw_zero_based
charge_temperature_vs_voltage_std_cycle_0,true_curve_shape,true_curve_shape,raw_cycles_interpolated,curve_shape,curve_shape,True,False,True,False,False,0,charge,voltage,temperature,std,,,broad_physics,raw_zero_based
charge_temperature_vs_voltage_var_cycle_0,true_curve_shape,true_curve_shape,raw_cycles_interpolated,curve_shape,curve_shape,True,False,True,False,False,0,charge,voltage,temperature,var,,,broad_physics,raw_zero_based
charge_temperature_vs_voltage_area_cycle_0,true_curve_shape,true_curve_shape,raw_cycles_interpolated,curve_shape,curve_shape,True,False,True,False,False,0,charge,voltage,temperature,area,,,broad_physics,raw_zero_based
charge_temperature_vs_voltage_slope_mean_cycle_0,true_curve_shape,true_curve_shape,raw_cycles_interpolated,curve_shape,curve_shape,True,False,True,False,False,0,charge,voltage,temperature,slope_mean,,,broad_physics,raw_zero_based
charge_discharge_capacity_vs_voltage_min_cycle_1,true_curve_shape,true_curve_shape,raw_cycles_interpolated,curve_shape,curve_shape,True,False,True,False,False,1,charge,voltage,discharge_capacity,min,,,broad_physics,raw_zero_based
charge_discharge_capacity_vs_voltage_max_cycle_1,true_curve_shape,true_curve_shape,raw_cycles_interpolated,curve_shape,curve_shape,True,False,True,False,False,1,charge,voltage,discharge_capacity,max,,,broad_physics,raw_zero_based
charge_discharge_capacity_vs_voltage_mean_cycle_1,true_curve_shape,true_curve_shape,raw_cycles_interpolated,curve_shape,curve_shape,True,False,True,False,False,1,charge,voltage,discharge_capacity,mean,,,broad_physics,raw_zero_based
charge_discharge_capacity_vs_voltage_std_cycle_1,true_curve_shape,true_curve_shape,raw_cycles_interpolated,curve_shape,curve_shape,True,False,True,False,False,1,charge,voltage,discharge_capacity,std,,,broad_physics,raw_zero_based
charge_discharge_capacity_vs_voltage_var_cycle_1,true_curve_shape,true_curve_shape,raw_cycles_interpolated,curve_shape,curve_shape,True,False,True,False,False,1,charge,voltage,discharge_capacity,var,,,broad_physics,raw_zero_based
charge_discharge_capacity_vs_voltage_area_cycle_1,true_curve_shape,true_curve_shape,raw_cycles_interpolated,curve_shape,curve_shape,True,False,True,False,False,1,charge,voltage,discharge_capacity,area,,,broad_physics,raw_zero_based
charge_discharge_capacity_vs_voltage_slope_mean_cycle_1,true_curve_shape,true_curve_shape,raw_cycles_interpolated,curve_shape,curve_shape,True,False,True,False,False,1,charge,voltage,discharge_capacity,slope_mean,,,broad_physics,raw_zero_based
charge_charge_capacity_vs_voltage_min_cycle_1,true_curve_shape,true_curve_shape,raw_cycles_interpolated,curve_shape,curve_shape,True,False,True,False,False,1,charge,voltage,charge_capacity,min,,,broad_physics,raw_zero_based
charge_charge_capacity_vs_voltage_max_cycle_1,true_curve_shape,true_curve_shape,raw_cycles_interpolated,curve_shape,curve_shape,True,False,True,False,False,1,charge,voltage,charge_capacity,max,,,broad_physics,raw_zero_based
charge_charge_capacity_vs_voltage_mean_cycle_1,true_curve_shape,true_curve_shape,raw_cycles_interpolated,curve_shape,curve_shape,True,False,True,False,False,1,charge,voltage,charge_capacity,mean,,,broad_physics,raw_zero_based
charge_charge_capacity_vs_voltage_std_cycle_1,true_curve_shape,true_curve_shape,raw_cycles_interpolated,curve_shape,curve_shape,True,False,True,False,False,1,charge,voltage,charge_capacity,std,,,broad_physics,raw_zero_based
charge_charge_capacity_vs_voltage_var_cycle_1,true_curve_shape,true_curve_shape,raw_cycles_interpolated,curve_shape,curve_shape,True,False,True,False,False,1,charge,voltage,charge_capacity,var,,,broad_physics,raw_zero_based
charge_charge_capacity_vs_voltage_area_cycle_1,true_curve_shape,true_curve_shape,raw_cycles_interpolated,curve_shape,curve_shape,True,False,True,False,False,1,charge,voltage,charge_capacity,area,,,broad_physics,raw_zero_based
charge_charge_capacity_vs_voltage_slope_mean_cycle_1,true_curve_shape,true_curve_shape,raw_cycles_interpolated,curve_shape,curve_shape,True,False,True,False,False,1,charge,voltage,charge_capacity,slope_mean,,,broad_physics,raw_zero_based
charge_current_vs_voltage_min_cycle_1,true_curve_shape,true_curve_shape,raw_cycles_interpolated,curve_shape,curve_shape,True,False,True,False,False,1,charge,voltage,current,min,,,broad_physics,raw_zero_based
charge_current_vs_voltage_max_cycle_1,true_curve_shape,true_curve_shape,raw_cycles_interpolated,curve_shape,curve_shape,True,False,True,False,False,1,charge,voltage,current,max,,,broad_physics,raw_zero_based
charge_current_vs_voltage_mean_cycle_1,true_curve_shape,true_curve_shape,raw_cycles_interpolated,curve_shape,curve_shape,True,False,True,False,False,1,charge,voltage,current,mean,,,broad_physics,raw_zero_based
charge_current_vs_voltage_std_cycle_1,true_curve_shape,true_curve_shape,raw_cycles_interpolated,curve_shape,curve_shape,True,False,True,False,False,1,charge,voltage,current,std,,,broad_physics,raw_zero_based
charge_current_vs_voltage_var_cycle_1,true_curve_shape,true_curve_shape,raw_cycles_interpolated,curve_shape,curve_shape,True,False,True,False,False,1,charge,voltage,current,var,,,broad_physics,raw_zero_based
charge_current_vs_voltage_area_cycle_1,true_curve_shape,true_curve_shape,raw_cycles_interpolated,curve_shape,curve_shape,True,False,True,False,False,1,charge,voltage,current,area,,,broad_physics,raw_zero_based
charge_current_vs_voltage_slope_mean_cycle_1,true_curve_shape,true_curve_shape,raw_cycles_interpolated,curve_shape,curve_shape,True,False,True,False,False,1,charge,voltage,current,slope_mean,,,broad_physics,raw_zero_based
charge_temperature_vs_voltage_min_cycle_1,true_curve_shape,true_curve_shape,raw_cycles_interpolated,curve_shape,curve_shape,True,False,True,False,False,1,charge,voltage,temperature,min,,,broad_physics,raw_zero_based
charge_temperature_vs_voltage_max_cycle_1,true_curve_shape,true_curve_shape,raw_cycles_interpolated,curve_shape,curve_shape,True,False,True,False,False,1,charge,voltage,temperature,max,,,broad_physics,raw_zero_based
charge_temperature_vs_voltage_mean_cycle_1,true_curve_shape,true_curve_shape,raw_cycles_interpolated,curve_shape,curve_shape,True,False,True,False,False,1,charge,voltage,temperature,mean,,,broad_physics,raw_zero_based
charge_temperature_vs_voltage_std_cycle_1,true_curve_shape,true_curve_shape,raw_cycles_interpolated,curve_shape,curve_shape,True,False,True,False,False,1,charge,voltage,temperature,std,,,broad_physics,raw_zero_based
charge_temperature_vs_voltage_var_cycle_1,true_curve_shape,true_curve_shape,raw_cycles_interpolated,curve_shape,curve_shape,True,False,True,False,False,1,charge,voltage,temperature,var,,,broad_physics,raw_zero_based
charge_temperature_vs_voltage_area_cycle_1,true_curve_shape,true_curve_shape,raw_cycles_interpolated,curve_shape,curve_shape,True,False,True,False,False,1,charge,voltage,temperature,area,,,broad_physics,raw_zero_based
charge_temperature_vs_voltage_slope_mean_cycle_1,true_curve_shape,true_curve_shape,raw_cycles_interpolated,curve_shape,curve_shape,True,False,True,False,False,1,charge,voltage,temperature,slope_mean,,,broad_physics,raw_zero_based
charge_discharge_capacity_vs_voltage_min_cycle_9,true_curve_shape,true_curve_shape,raw_cycles_interpolated,curve_shape,curve_shape,True,False,True,False,False,9,charge,voltage,discharge_capacity,min,,,broad_physics,raw_zero_based
charge_discharge_capacity_vs_voltage_max_cycle_9,true_curve_shape,true_curve_shape,raw_cycles_interpolated,curve_shape,curve_shape,True,False,True,False,False,9,charge,voltage,discharge_capacity,max,,,broad_physics,raw_zero_based
charge_discharge_capacity_vs_voltage_mean_cycle_9,true_curve_shape,true_curve_shape,raw_cycles_interpolated,curve_shape,curve_shape,True,False,True,False,False,9,charge,voltage,discharge_capacity,mean,,,broad_physics,raw_zero_based
charge_discharge_capacity_vs_voltage_std_cycle_9,true_curve_shape,true_curve_shape,raw_cycles_interpolated,curve_shape,curve_shape,True,False,True,False,False,9,charge,voltage,discharge_capacity,std,,,broad_physics,raw_zero_based
charge_discharge_capacity_vs_voltage_var_cycle_9,true_curve_shape,true_curve_shape,raw_cycles_interpolated,curve_shape,curve_shape,True,False,True,False,False,9,charge,voltage,discharge_capacity,var,,,broad_physics,raw_zero_based
charge_discharge_capacity_vs_voltage_area_cycle_9,true_curve_shape,true_curve_shape,raw_cycles_interpolated,curve_shape,curve_shape,True,False,True,False,False,9,charge,voltage,discharge_capacity,area,,,broad_physics,raw_zero_based
charge_discharge_capacity_vs_voltage_slope_mean_cycle_9,true_curve_shape,true_curve_shape,raw_cycles_interpolated,curve_shape,curve_shape,True,False,True,False,False,9,charge,voltage,discharge_capacity,slope_mean,,,broad_physics,raw_zero_based
charge_charge_capacity_vs_voltage_min_cycle_9,true_curve_shape,true_curve_shape,raw_cycles_interpolated,curve_shape,curve_shape,True,False,True,False,False,9,charge,voltage,charge_capacity,min,,,broad_physics,raw_zero_based
charge_charge_capacity_vs_voltage_max_cycle_9,true_curve_shape,true_curve_shape,raw_cycles_interpolated,curve_shape,curve_shape,True,False,True,False,False,9,charge,voltage,charge_capacity,max,,,broad_physics,raw_zero_based
charge_charge_capacity_vs_voltage_mean_cycle_9,true_curve_shape,true_curve_shape,raw_cycles_interpolated,curve_shape,curve_shape,True,False,True,False,False,9,charge,voltage,charge_capacity,mean,,,broad_physics,raw_zero_based
charge_charge_capacity_vs_voltage_std_cycle_9,true_curve_shape,true_curve_shape,raw_cycles_interpolated,curve_shape,curve_shape,True,False,True,False,False,9,charge,voltage,charge_capacity,std,,,broad_physics,raw_zero_based
charge_charge_capacity_vs_voltage_var_cycle_9,true_curve_shape,true_curve_shape,raw_cycles_interpolated,curve_shape,curve_shape,True,False,True,False,False,9,charge,voltage,charge_capacity,var,,,broad_physics,raw_zero_based
charge_charge_capacity_vs_voltage_area_cycle_9,true_curve_shape,true_curve_shape,raw_cycles_interpolated,curve_shape,curve_shape,True,False,True,False,False,9,charge,voltage,charge_capacity,area,,,broad_physics,raw_zero_based
charge_charge_capacity_vs_voltage_slope_mean_cycle_9,true_curve_shape,true_curve_shape,raw_cycles_interpolated,curve_shape,curve_shape,True,False,True,False,False,9,charge,voltage,charge_capacity,slope_mean,,,broad_physics,raw_zero_based
charge_current_vs_voltage_min_cycle_9,true_curve_shape,true_curve_shape,raw_cycles_interpolated,curve_shape,curve_shape,True,False,True,False,False,9,charge,voltage,current,min,,,broad_physics,raw_zero_based
charge_current_vs_voltage_max_cycle_9,true_curve_shape,true_curve_shape,raw_cycles_interpolated,curve_shape,curve_shape,True,False,True,False,False,9,charge,voltage,current,max,,,broad_physics,raw_zero_based
charge_current_vs_voltage_mean_cycle_9,true_curve_shape,true_curve_shape,raw_cycles_interpolated,curve_shape,curve_shape,True,False,True,False,False,9,charge,voltage,current,mean,,,broad_physics,raw_zero_based
charge_current_vs_voltage_std_cycle_9,true_curve_shape,true_curve_shape,raw_cycles_interpolated,curve_shape,curve_shape,True,False,True,False,False,9,charge,voltage,current,std,,,broad_physics,raw_zero_based
charge_current_vs_voltage_var_cycle_9,true_curve_shape,true_curve_shape,raw_cycles_interpolated,curve_shape,curve_shape,True,False,True,False,False,9,charge,voltage,current,var,,,broad_physics,raw_zero_based
charge_current_vs_voltage_area_cycle_9,true_curve_shape,true_curve_shape,raw_cycles_interpolated,curve_shape,curve_shape,True,False,True,False,False,9,charge,voltage,current,area,,,broad_physics,raw_zero_based
charge_current_vs_voltage_slope_mean_cycle_9,true_curve_shape,true_curve_shape,raw_cycles_interpolated,curve_shape,curve_shape,True,False,True,False,False,9,charge,voltage,current,slope_mean,,,broad_physics,raw_zero_based
charge_temperature_vs_voltage_min_cycle_9,true_curve_shape,true_curve_shape,raw_cycles_interpolated,curve_shape,curve_shape,True,False,True,False,False,9,charge,voltage,temperature,min,,,broad_physics,raw_zero_based
charge_temperature_vs_voltage_max_cycle_9,true_curve_shape,true_curve_shape,raw_cycles_interpolated,curve_shape,curve_shape,True,False,True,False,False,9,charge,voltage,temperature,max,,,broad_physics,raw_zero_based
charge_temperature_vs_voltage_mean_cycle_9,true_curve_shape,true_curve_shape,raw_cycles_interpolated,curve_shape,curve_shape,True,False,True,False,False,9,charge,voltage,temperature,mean,,,broad_physics,raw_zero_based
charge_temperature_vs_voltage_std_cycle_9,true_curve_shape,true_curve_shape,raw_cycles_interpolated,curve_shape,curve_shape,True,False,True,False,False,9,charge,voltage,temperature,std,,,broad_physics,raw_zero_based
charge_temperature_vs_voltage_var_cycle_9,true_curve_shape,true_curve_shape,raw_cycles_interpolated,curve_shape,curve_shape,True,False,True,False,False,9,charge,voltage,temperature,var,,,broad_physics,raw_zero_based
charge_temperature_vs_voltage_area_cycle_9,true_curve_shape,true_curve_shape,raw_cycles_interpolated,curve_shape,curve_shape,True,False,True,False,False,9,charge,voltage,temperature,area,,,broad_physics,raw_zero_based
charge_temperature_vs_voltage_slope_mean_cycle_9,true_curve_shape,true_curve_shape,raw_cycles_interpolated,curve_shape,curve_shape,True,False,True,False,False,9,charge,voltage,temperature,slope_mean,,,broad_physics,raw_zero_based
charge_discharge_capacity_vs_voltage_min_cycle_49,true_curve_shape,true_curve_shape,raw_cycles_interpolated,curve_shape,curve_shape,True,False,True,False,False,49,charge,voltage,discharge_capacity,min,,,broad_physics,raw_zero_based
charge_discharge_capacity_vs_voltage_max_cycle_49,true_curve_shape,true_curve_shape,raw_cycles_interpolated,curve_shape,curve_shape,True,False,True,False,False,49,charge,voltage,discharge_capacity,max,,,broad_physics,raw_zero_based
charge_discharge_capacity_vs_voltage_mean_cycle_49,true_curve_shape,true_curve_shape,raw_cycles_interpolated,curve_shape,curve_shape,True,False,True,False,False,49,charge,voltage,discharge_capacity,mean,,,broad_physics,raw_zero_based
charge_discharge_capacity_vs_voltage_std_cycle_49,true_curve_shape,true_curve_shape,raw_cycles_interpolated,curve_shape,curve_shape,True,False,True,False,False,49,charge,voltage,discharge_capacity,std,,,broad_physics,raw_zero_based
charge_discharge_capacity_vs_voltage_var_cycle_49,true_curve_shape,true_curve_shape,raw_cycles_interpolated,curve_shape,curve_shape,True,False,True,False,False,49,charge,voltage,discharge_capacity,var,,,broad_physics,raw_zero_based
charge_discharge_capacity_vs_voltage_area_cycle_49,true_curve_shape,true_curve_shape,raw_cycles_interpolated,curve_shape,curve_shape,True,False,True,False,False,49,charge,voltage,discharge_capacity,area,,,broad_physics,raw_zero_based
charge_discharge_capacity_vs_voltage_slope_mean_cycle_49,true_curve_shape,true_curve_shape,raw_cycles_interpolated,curve_shape,curve_shape,True,False,True,False,False,49,charge,voltage,discharge_capacity,slope_mean,,,broad_physics,raw_zero_based
charge_charge_capacity_vs_voltage_min_cycle_49,true_curve_shape,true_curve_shape,raw_cycles_interpolated,curve_shape,curve_shape,True,False,True,False,False,49,charge,voltage,charge_capacity,min,,,broad_physics,raw_zero_based
charge_charge_capacity_vs_voltage_max_cycle_49,true_curve_shape,true_curve_shape,raw_cycles_interpolated,curve_shape,curve_shape,True,False,True,False,False,49,charge,voltage,charge_capacity,max,,,broad_physics,raw_zero_based
charge_charge_capacity_vs_voltage_mean_cycle_49,true_curve_shape,true_curve_shape,raw_cycles_interpolated,curve_shape,curve_shape,True,False,True,False,False,49,charge,voltage,charge_capacity,mean,,,broad_physics,raw_zero_based
charge_charge_capacity_vs_voltage_std_cycle_49,true_curve_shape,true_curve_shape,raw_cycles_interpolated,curve_shape,curve_shape,True,False,True,False,False,49,charge,voltage,charge_capacity,std,,,broad_physics,raw_zero_based
charge_charge_capacity_vs_voltage_var_cycle_49,true_curve_shape,true_curve_shape,raw_cycles_interpolated,curve_shape,curve_shape,True,False,True,False,False,49,charge,voltage,charge_capacity,var,,,broad_physics,raw_zero_based
charge_charge_capacity_vs_voltage_area_cycle_49,true_curve_shape,true_curve_shape,raw_cycles_interpolated,curve_shape,curve_shape,True,False,True,False,False,49,charge,voltage,charge_capacity,area,,,broad_physics,raw_zero_based
charge_charge_capacity_vs_voltage_slope_mean_cycle_49,true_curve_shape,true_curve_shape,raw_cycles_interpolated,curve_shape,curve_shape,True,False,True,False,False,49,charge,voltage,charge_capacity,slope_mean,,,broad_physics,raw_zero_based
charge_current_vs_voltage_min_cycle_49,true_curve_shape,true_curve_shape,raw_cycles_interpolated,curve_shape,curve_shape,True,False,True,False,False,49,charge,voltage,current,min,,,broad_physics,raw_zero_based
charge_current_vs_voltage_max_cycle_49,true_curve_shape,true_curve_shape,raw_cycles_interpolated,curve_shape,curve_shape,True,False,True,False,False,49,charge,voltage,current,max,,,broad_physics,raw_zero_based
charge_current_vs_voltage_mean_cycle_49,true_curve_shape,true_curve_shape,raw_cycles_interpolated,curve_shape,curve_shape,True,False,True,False,False,49,charge,voltage,current,mean,,,broad_physics,raw_zero_based
charge_current_vs_voltage_std_cycle_49,true_curve_shape,true_curve_shape,raw_cycles_interpolated,curve_shape,curve_shape,True,False,True,False,False,49,charge,voltage,current,std,,,broad_physics,raw_zero_based
charge_current_vs_voltage_var_cycle_49,true_curve_shape,true_curve_shape,raw_cycles_interpolated,curve_shape,curve_shape,True,False,True,False,False,49,charge,voltage,current,var,,,broad_physics,raw_zero_based
charge_current_vs_voltage_area_cycle_49,true_curve_shape,true_curve_shape,raw_cycles_interpolated,curve_shape,curve_shape,True,False,True,False,False,49,charge,voltage,current,area,,,broad_physics,raw_zero_based
charge_current_vs_voltage_slope_mean_cycle_49,true_curve_shape,true_curve_shape,raw_cycles_interpolated,curve_shape,curve_shape,True,False,True,False,False,49,charge,voltage,current,slope_mean,,,broad_physics,raw_zero_based
charge_temperature_vs_voltage_min_cycle_49,true_curve_shape,true_curve_shape,raw_cycles_interpolated,curve_shape,curve_shape,True,False,True,False,False,49,charge,voltage,temperature,min,,,broad_physics,raw_zero_based
charge_temperature_vs_voltage_max_cycle_49,true_curve_shape,true_curve_shape,raw_cycles_interpolated,curve_shape,curve_shape,True,False,True,False,False,49,charge,voltage,temperature,max,,,broad_physics,raw_zero_based
charge_temperature_vs_voltage_mean_cycle_49,true_curve_shape,true_curve_shape,raw_cycles_interpolated,curve_shape,curve_shape,True,False,True,False,False,49,charge,voltage,temperature,mean,,,broad_physics,raw_zero_based
charge_temperature_vs_voltage_std_cycle_49,true_curve_shape,true_curve_shape,raw_cycles_interpolated,curve_shape,curve_shape,True,False,True,False,False,49,charge,voltage,temperature,std,,,broad_physics,raw_zero_based
charge_temperature_vs_voltage_var_cycle_49,true_curve_shape,true_curve_shape,raw_cycles_interpolated,curve_shape,curve_shape,True,False,True,False,False,49,charge,voltage,temperature,var,,,broad_physics,raw_zero_based
charge_temperature_vs_voltage_area_cycle_49,true_curve_shape,true_curve_shape,raw_cycles_interpolated,curve_shape,curve_shape,True,False,True,False,False,49,charge,voltage,temperature,area,,,broad_physics,raw_zero_based
charge_temperature_vs_voltage_slope_mean_cycle_49,true_curve_shape,true_curve_shape,raw_cycles_interpolated,curve_shape,curve_shape,True,False,True,False,False,49,charge,voltage,temperature,slope_mean,,,broad_physics,raw_zero_based
charge_discharge_capacity_vs_voltage_min_cycle_99,true_curve_shape,true_curve_shape,raw_cycles_interpolated,curve_shape,curve_shape,True,False,True,False,False,99,charge,voltage,discharge_capacity,min,,,broad_physics,raw_zero_based
charge_discharge_capacity_vs_voltage_max_cycle_99,true_curve_shape,true_curve_shape,raw_cycles_interpolated,curve_shape,curve_shape,True,False,True,False,False,99,charge,voltage,discharge_capacity,max,,,broad_physics,raw_zero_based
charge_discharge_capacity_vs_voltage_mean_cycle_99,true_curve_shape,true_curve_shape,raw_cycles_interpolated,curve_shape,curve_shape,True,False,True,False,False,99,charge,voltage,discharge_capacity,mean,,,broad_physics,raw_zero_based
charge_discharge_capacity_vs_voltage_std_cycle_99,true_curve_shape,true_curve_shape,raw_cycles_interpolated,curve_shape,curve_shape,True,False,True,False,False,99,charge,voltage,discharge_capacity,std,,,broad_physics,raw_zero_based
charge_discharge_capacity_vs_voltage_var_cycle_99,true_curve_shape,true_curve_shape,raw_cycles_interpolated,curve_shape,curve_shape,True,False,True,False,False,99,charge,voltage,discharge_capacity,var,,,broad_physics,raw_zero_based
charge_discharge_capacity_vs_voltage_area_cycle_99,true_curve_shape,true_curve_shape,raw_cycles_interpolated,curve_shape,curve_shape,True,False,True,False,False,99,charge,voltage,discharge_capacity,area,,,broad_physics,raw_zero_based
charge_discharge_capacity_vs_voltage_slope_mean_cycle_99,true_curve_shape,true_curve_shape,raw_cycles_interpolated,curve_shape,curve_shape,True,False,True,False,False,99,charge,voltage,discharge_capacity,slope_mean,,,broad_physics,raw_zero_based
charge_charge_capacity_vs_voltage_min_cycle_99,true_curve_shape,true_curve_shape,raw_cycles_interpolated,curve_shape,curve_shape,True,False,True,False,False,99,charge,voltage,charge_capacity,min,,,broad_physics,raw_zero_based
charge_charge_capacity_vs_voltage_max_cycle_99,true_curve_shape,true_curve_shape,raw_cycles_interpolated,curve_shape,curve_shape,True,False,True,False,False,99,charge,voltage,charge_capacity,max,,,broad_physics,raw_zero_based
charge_charge_capacity_vs_voltage_mean_cycle_99,true_curve_shape,true_curve_shape,raw_cycles_interpolated,curve_shape,curve_shape,True,False,True,False,False,99,charge,voltage,charge_capacity,mean,,,broad_physics,raw_zero_based
charge_charge_capacity_vs_voltage_std_cycle_99,true_curve_shape,true_curve_shape,raw_cycles_interpolated,curve_shape,curve_shape,True,False,True,False,False,99,charge,voltage,charge_capacity,std,,,broad_physics,raw_zero_based
charge_charge_capacity_vs_voltage_var_cycle_99,true_curve_shape,true_curve_shape,raw_cycles_interpolated,curve_shape,curve_shape,True,False,True,False,False,99,charge,voltage,charge_capacity,var,,,broad_physics,raw_zero_based
charge_charge_capacity_vs_voltage_area_cycle_99,true_curve_shape,true_curve_shape,raw_cycles_interpolated,curve_shape,curve_shape,True,False,True,False,False,99,charge,voltage,charge_capacity,area,,,broad_physics,raw_zero_based
charge_charge_capacity_vs_voltage_slope_mean_cycle_99,true_curve_shape,true_curve_shape,raw_cycles_interpolated,curve_shape,curve_shape,True,False,True,False,False,99,charge,voltage,charge_capacity,slope_mean,,,broad_physics,raw_zero_based
charge_current_vs_voltage_min_cycle_99,true_curve_shape,true_curve_shape,raw_cycles_interpolated,curve_shape,curve_shape,True,False,True,False,False,99,charge,voltage,current,min,,,broad_physics,raw_zero_based
charge_current_vs_voltage_max_cycle_99,true_curve_shape,true_curve_shape,raw_cycles_interpolated,curve_shape,curve_shape,True,False,True,False,False,99,charge,voltage,current,max,,,broad_physics,raw_zero_based
charge_current_vs_voltage_mean_cycle_99,true_curve_shape,true_curve_shape,raw_cycles_interpolated,curve_shape,curve_shape,True,False,True,False,False,99,charge,voltage,current,mean,,,broad_physics,raw_zero_based
charge_current_vs_voltage_std_cycle_99,true_curve_shape,true_curve_shape,raw_cycles_interpolated,curve_shape,curve_shape,True,False,True,False,False,99,charge,voltage,current,std,,,broad_physics,raw_zero_based
charge_current_vs_voltage_var_cycle_99,true_curve_shape,true_curve_shape,raw_cycles_interpolated,curve_shape,curve_shape,True,False,True,False,False,99,charge,voltage,current,var,,,broad_physics,raw_zero_based
charge_current_vs_voltage_area_cycle_99,true_curve_shape,true_curve_shape,raw_cycles_interpolated,curve_shape,curve_shape,True,False,True,False,False,99,charge,voltage,current,area,,,broad_physics,raw_zero_based
charge_current_vs_voltage_slope_mean_cycle_99,true_curve_shape,true_curve_shape,raw_cycles_interpolated,curve_shape,curve_shape,True,False,True,False,False,99,charge,voltage,current,slope_mean,,,broad_physics,raw_zero_based
charge_temperature_vs_voltage_min_cycle_99,true_curve_shape,true_curve_shape,raw_cycles_interpolated,curve_shape,curve_shape,True,False,True,False,False,99,charge,voltage,temperature,min,,,broad_physics,raw_zero_based
charge_temperature_vs_voltage_max_cycle_99,true_curve_shape,true_curve_shape,raw_cycles_interpolated,curve_shape,curve_shape,True,False,True,False,False,99,charge,voltage,temperature,max,,,broad_physics,raw_zero_based
charge_temperature_vs_voltage_mean_cycle_99,true_curve_shape,true_curve_shape,raw_cycles_interpolated,curve_shape,curve_shape,True,False,True,False,False,99,charge,voltage,temperature,mean,,,broad_physics,raw_zero_based
charge_temperature_vs_voltage_std_cycle_99,true_curve_shape,true_curve_shape,raw_cycles_interpolated,curve_shape,curve_shape,True,False,True,False,False,99,charge,voltage,temperature,std,,,broad_physics,raw_zero_based
charge_temperature_vs_voltage_var_cycle_99,true_curve_shape,true_curve_shape,raw_cycles_interpolated,curve_shape,curve_shape,True,False,True,False,False,99,charge,voltage,temperature,var,,,broad_physics,raw_zero_based
charge_temperature_vs_voltage_area_cycle_99,true_curve_shape,true_curve_shape,raw_cycles_interpolated,curve_shape,curve_shape,True,False,True,False,False,99,charge,voltage,temperature,area,,,broad_physics,raw_zero_based
charge_temperature_vs_voltage_slope_mean_cycle_99,true_curve_shape,true_curve_shape,raw_cycles_interpolated,curve_shape,curve_shape,True,False,True,False,False,99,charge,voltage,temperature,slope_mean,,,broad_physics,raw_zero_based
discharge_discharge_capacity_curve_delta_identity_min_cycle_99_minus_9,true_curve_difference,true_curve_difference,raw_cycles_interpolated,cross_cycle_curve_delta,cross_cycle_curve_delta,True,False,True,False,False,"9,99",discharge,voltage,discharge_capacity,min,identity,,broad_physics,raw_zero_based
discharge_discharge_capacity_curve_delta_identity_max_cycle_99_minus_9,true_curve_difference,true_curve_difference,raw_cycles_interpolated,cross_cycle_curve_delta,cross_cycle_curve_delta,True,False,True,False,False,"9,99",discharge,voltage,discharge_capacity,max,identity,,broad_physics,raw_zero_based
discharge_discharge_capacity_curve_delta_identity_mean_cycle_99_minus_9,true_curve_difference,true_curve_difference,raw_cycles_interpolated,cross_cycle_curve_delta,cross_cycle_curve_delta,True,False,True,False,False,"9,99",discharge,voltage,discharge_capacity,mean,identity,,broad_physics,raw_zero_based
discharge_discharge_capacity_curve_delta_identity_std_cycle_99_minus_9,true_curve_difference,true_curve_difference,raw_cycles_interpolated,cross_cycle_curve_delta,cross_cycle_curve_delta,True,False,True,False,False,"9,99",discharge,voltage,discharge_capacity,std,identity,,broad_physics,raw_zero_based
discharge_discharge_capacity_curve_delta_identity_var_cycle_99_minus_9,true_curve_difference,true_curve_difference,raw_cycles_interpolated,cross_cycle_curve_delta,cross_cycle_curve_delta,True,False,True,False,False,"9,99",discharge,voltage,discharge_capacity,var,identity,,broad_physics,raw_zero_based
discharge_discharge_capacity_curve_delta_identity_skew_cycle_99_minus_9,true_curve_difference,true_curve_difference,raw_cycles_interpolated,cross_cycle_curve_delta,cross_cycle_curve_delta,True,False,True,False,False,"9,99",discharge,voltage,discharge_capacity,skew,identity,,broad_physics,raw_zero_based
discharge_discharge_capacity_curve_delta_identity_sum_abs_cycle_99_minus_9,true_curve_difference,true_curve_difference,raw_cycles_interpolated,cross_cycle_curve_delta,cross_cycle_curve_delta,True,False,True,False,False,"9,99",discharge,voltage,discharge_capacity,sum_abs,identity,,broad_physics,raw_zero_based
discharge_discharge_capacity_curve_delta_identity_sum_sq_cycle_99_minus_9,true_curve_difference,true_curve_difference,raw_cycles_interpolated,cross_cycle_curve_delta,cross_cycle_curve_delta,True,False,True,False,False,"9,99",discharge,voltage,discharge_capacity,sum_sq,identity,,broad_physics,raw_zero_based
discharge_discharge_capacity_curve_delta_identity_area_abs_cycle_99_minus_9,true_curve_difference,true_curve_difference,raw_cycles_interpolated,cross_cycle_curve_delta,cross_cycle_curve_delta,True,False,True,False,False,"9,99",discharge,voltage,discharge_capacity,area_abs,identity,,broad_physics,raw_zero_based
discharge_discharge_capacity_curve_delta_identity_area_signed_cycle_99_minus_9,true_curve_difference,true_curve_difference,raw_cycles_interpolated,cross_cycle_curve_delta,cross_cycle_curve_delta,True,False,True,False,False,"9,99",discharge,voltage,discharge_capacity,area_signed,identity,,broad_physics,raw_zero_based
discharge_discharge_capacity_curve_delta_abs_min_cycle_99_minus_9,true_curve_difference,true_curve_difference,raw_cycles_interpolated,cross_cycle_curve_delta,cross_cycle_curve_delta,True,False,True,False,False,"9,99",discharge,voltage,discharge_capacity,min,abs,,broad_physics,raw_zero_based
discharge_discharge_capacity_curve_delta_abs_max_cycle_99_minus_9,true_curve_difference,true_curve_difference,raw_cycles_interpolated,cross_cycle_curve_delta,cross_cycle_curve_delta,True,False,True,False,False,"9,99",discharge,voltage,discharge_capacity,max,abs,,broad_physics,raw_zero_based
discharge_discharge_capacity_curve_delta_abs_mean_cycle_99_minus_9,true_curve_difference,true_curve_difference,raw_cycles_interpolated,cross_cycle_curve_delta,cross_cycle_curve_delta,True,False,True,False,False,"9,99",discharge,voltage,discharge_capacity,mean,abs,,broad_physics,raw_zero_based
discharge_discharge_capacity_curve_delta_abs_std_cycle_99_minus_9,true_curve_difference,true_curve_difference,raw_cycles_interpolated,cross_cycle_curve_delta,cross_cycle_curve_delta,True,False,True,False,False,"9,99",discharge,voltage,discharge_capacity,std,abs,,broad_physics,raw_zero_based
discharge_discharge_capacity_curve_delta_abs_var_cycle_99_minus_9,true_curve_difference,true_curve_difference,raw_cycles_interpolated,cross_cycle_curve_delta,cross_cycle_curve_delta,True,False,True,False,False,"9,99",discharge,voltage,discharge_capacity,var,abs,,broad_physics,raw_zero_based
discharge_discharge_capacity_curve_delta_abs_skew_cycle_99_minus_9,true_curve_difference,true_curve_difference,raw_cycles_interpolated,cross_cycle_curve_delta,cross_cycle_curve_delta,True,False,True,False,False,"9,99",discharge,voltage,discharge_capacity,skew,abs,,broad_physics,raw_zero_based
discharge_discharge_capacity_curve_delta_abs_sum_abs_cycle_99_minus_9,true_curve_difference,true_curve_difference,raw_cycles_interpolated,cross_cycle_curve_delta,cross_cycle_curve_delta,True,False,True,False,False,"9,99",discharge,voltage,discharge_capacity,sum_abs,abs,,broad_physics,raw_zero_based
discharge_discharge_capacity_curve_delta_abs_sum_sq_cycle_99_minus_9,true_curve_difference,true_curve_difference,raw_cycles_interpolated,cross_cycle_curve_delta,cross_cycle_curve_delta,True,False,True,False,False,"9,99",discharge,voltage,discharge_capacity,sum_sq,abs,,broad_physics,raw_zero_based
discharge_discharge_capacity_curve_delta_abs_area_abs_cycle_99_minus_9,true_curve_difference,true_curve_difference,raw_cycles_interpolated,cross_cycle_curve_delta,cross_cycle_curve_delta,True,False,True,False,False,"9,99",discharge,voltage,discharge_capacity,area_abs,abs,,broad_physics,raw_zero_based
discharge_discharge_capacity_curve_delta_abs_area_signed_cycle_99_minus_9,true_curve_difference,true_curve_difference,raw_cycles_interpolated,cross_cycle_curve_delta,cross_cycle_curve_delta,True,False,True,False,False,"9,99",discharge,voltage,discharge_capacity,area_signed,abs,,broad_physics,raw_zero_based
discharge_discharge_capacity_curve_delta_log_abs_min_cycle_99_minus_9,true_curve_difference,true_curve_difference,raw_cycles_interpolated,cross_cycle_curve_delta,cross_cycle_curve_delta,True,False,True,False,False,"9,99",discharge,voltage,discharge_capacity,min,log_abs,,broad_physics,raw_zero_based
discharge_discharge_capacity_curve_delta_log_abs_max_cycle_99_minus_9,true_curve_difference,true_curve_difference,raw_cycles_interpolated,cross_cycle_curve_delta,cross_cycle_curve_delta,True,False,True,False,False,"9,99",discharge,voltage,discharge_capacity,max,log_abs,,broad_physics,raw_zero_based
discharge_discharge_capacity_curve_delta_log_abs_mean_cycle_99_minus_9,true_curve_difference,true_curve_difference,raw_cycles_interpolated,cross_cycle_curve_delta,cross_cycle_curve_delta,True,False,True,False,False,"9,99",discharge,voltage,discharge_capacity,mean,log_abs,,broad_physics,raw_zero_based
discharge_discharge_capacity_curve_delta_log_abs_std_cycle_99_minus_9,true_curve_difference,true_curve_difference,raw_cycles_interpolated,cross_cycle_curve_delta,cross_cycle_curve_delta,True,False,True,False,False,"9,99",discharge,voltage,discharge_capacity,std,log_abs,,broad_physics,raw_zero_based
discharge_discharge_capacity_curve_delta_log_abs_var_cycle_99_minus_9,true_curve_difference,true_curve_difference,raw_cycles_interpolated,cross_cycle_curve_delta,cross_cycle_curve_delta,True,False,True,False,False,"9,99",discharge,voltage,discharge_capacity,var,log_abs,,broad_physics,raw_zero_based
discharge_discharge_capacity_curve_delta_log_abs_skew_cycle_99_minus_9,true_curve_difference,true_curve_difference,raw_cycles_interpolated,cross_cycle_curve_delta,cross_cycle_curve_delta,True,False,True,False,False,"9,99",discharge,voltage,discharge_capacity,skew,log_abs,,broad_physics,raw_zero_based
discharge_discharge_capacity_curve_delta_log_abs_sum_abs_cycle_99_minus_9,true_curve_difference,true_curve_difference,raw_cycles_interpolated,cross_cycle_curve_delta,cross_cycle_curve_delta,True,False,True,False,False,"9,99",discharge,voltage,discharge_capacity,sum_abs,log_abs,,broad_physics,raw_zero_based
discharge_discharge_capacity_curve_delta_log_abs_sum_sq_cycle_99_minus_9,true_curve_difference,true_curve_difference,raw_cycles_interpolated,cross_cycle_curve_delta,cross_cycle_curve_delta,True,False,True,False,False,"9,99",discharge,voltage,discharge_capacity,sum_sq,log_abs,,broad_physics,raw_zero_based
discharge_discharge_capacity_curve_delta_log_abs_area_abs_cycle_99_minus_9,true_curve_difference,true_curve_difference,raw_cycles_interpolated,cross_cycle_curve_delta,cross_cycle_curve_delta,True,False,True,False,False,"9,99",discharge,voltage,discharge_capacity,area_abs,log_abs,,broad_physics,raw_zero_based
discharge_discharge_capacity_curve_delta_log_abs_area_signed_cycle_99_minus_9,true_curve_difference,true_curve_difference,raw_cycles_interpolated,cross_cycle_curve_delta,cross_cycle_curve_delta,True,False,True,False,False,"9,99",discharge,voltage,discharge_capacity,area_signed,log_abs,,broad_physics,raw_zero_based
